plane_index,chain,res_i,icode_i,resname_i,res_j,icode_j,resname_j,nx,ny,nz,rms
1,H,16,,ILE,17,,VAL,0.657957,-0.708945,-0.253948,0.011965
2,H,17,,VAL,18,,GLU,0.013834,0.794839,-0.606663,0.004113
3,H,18,,GLU,19,,GLY,0.956884,-0.015263,0.290071,0.002531
4,H,19,,GLY,20,,SER,-0.660048,0.084870,0.746414,0.001603
5,H,20,,SER,21,,ASP,0.362104,-0.824731,-0.434395,0.003492
6,H,21,,ASP,22,,ALA,0.590395,-0.331014,0.736114,0.003549
7,H,22,,ALA,23,,GLU,-0.733158,-0.164873,0.659770,0.003629
8,H,23,,GLU,24,,ILE,0.006387,-0.830224,-0.557393,0.001072
9,H,24,,ILE,25,,GLY,0.206926,-0.622344,0.754897,0.001443
10,H,25,,GLY,26,,MET,-0.955717,0.260400,0.137099,0.004484
11,H,26,,MET,27,,SER,-0.160874,-0.895594,0.414767,0.003388
12,H,27,,SER,28,,PRO,-0.780457,-0.192260,-0.594915,0.041274
13,H,28,,PRO,29,,TRP,0.121480,0.933695,0.336833,0.005012
14,H,29,,TRP,30,,GLN,0.026273,-0.210139,0.977318,0.004369
15,H,30,,GLN,31,,VAL,0.559661,0.806019,0.192649,0.001748
16,H,31,,VAL,32,,MET,-0.988679,-0.004427,-0.149980,0.007274
17,H,32,,MET,33,,LEU,0.394521,0.600205,0.695778,0.006162
18,H,33,,LEU,34,,PHE,-0.849141,0.506076,-0.151152,0.012471
19,H,34,,PHE,35,,ARG,0.444843,-0.169870,0.879352,0.010656
20,H,35,,ARG,36,,LYS,-0.199671,0.973899,0.107949,0.004151
21,H,36,,LYS,36,A,SER,0.550354,0.296509,-0.780508,0.002958
22,H,36,A,SER,37,,PRO,-0.256568,0.606958,0.752180,0.064382
23,H,37,,PRO,38,,GLN,0.567871,0.595461,-0.568286,0.007593
24,H,38,,GLN,39,,GLU,0.395840,-0.917311,-0.043019,0.004235
25,H,39,,GLU,40,,LEU,-0.498513,0.704671,-0.504899,0.004743
26,H,40,,LEU,41,,LEU,0.599273,-0.039597,-0.799565,0.006279
27,H,41,,LEU,42,,CYS,0.975719,0.094810,0.197442,0.014102
28,H,42,,CYS,43,,GLY,-0.864669,-0.500494,0.043055,0.005571
29,H,43,,GLY,44,,ALA,0.251585,0.126936,-0.959475,0.001182
30,H,44,,ALA,45,,SER,-0.147542,-0.280345,0.948492,0.002730
31,H,45,,SER,46,,LEU,-0.135153,-0.374916,-0.917154,0.013758
32,H,46,,LEU,47,,ILE,0.159275,-0.770183,0.617616,0.003610
33,H,47,,ILE,48,,SER,0.962580,-0.132772,0.236243,0.014840
34,H,48,,SER,49,,ASP,-0.891677,0.437788,0.115124,0.001555
35,H,49,,ASP,50,,ARG,0.440987,0.835359,-0.328185,0.005079
36,H,50,,ARG,51,,TRP,0.717296,0.541923,0.437957,0.010725
37,H,51,,TRP,52,,VAL,-0.345815,-0.002230,-0.938300,0.004876
38,H,52,,VAL,53,,LEU,0.163019,0.837527,0.521511,0.005870
39,H,53,,LEU,54,,THR,0.200466,-0.019430,-0.979508,0.010335
40,H,54,,THR,55,,ALA,-0.756185,0.070034,0.650599,0.006800
41,H,55,,ALA,56,,ALA,0.223658,0.930631,-0.289660,0.005870
42,H,56,,ALA,57,,HIS,0.822522,-0.252601,0.509558,0.009643
43,H,57,,HIS,58,,CYS,-0.825890,-0.200757,0.526880,0.008621
44,H,58,,CYS,59,,LEU,-0.352244,0.897903,-0.263998,0.010714
45,H,59,,LEU,60,,LEU,0.616039,0.787575,-0.014901,0.008862
46,H,60,,LEU,60,A,TYR,-0.972409,0.035153,-0.230619,0.001827
47,H,60,A,TYR,60,B,PRO,0.213491,0.558761,-0.801378,0.004058
48,H,60,B,PRO,60,C,PRO,0.857195,-0.205732,0.472113,0.044224
49,H,60,C,PRO,60,D,TRP,-0.808654,-0.053506,0.585846,0.003712
50,H,60,D,TRP,60,E,ASP,-0.239366,0.904010,0.354218,0.005423
51,H,60,E,ASP,60,F,LYS,-0.866043,-0.498789,0.034354,0.002639
52,H,60,F,LYS,60,G,ASN,0.778057,-0.590589,-0.214082,0.001677
53,H,60,G,ASN,60,H,PHE,-0.631780,-0.734344,-0.248181,0.004440
54,H,60,H,PHE,60,I,THR,0.773916,-0.570163,-0.275624,0.005933
55,H,60,I,THR,61,,GLU,-0.358289,0.204718,0.910889,0.006199
56,H,61,,GLU,62,,ASN,0.094058,0.917361,-0.386783,0.003922
57,H,62,,ASN,63,,ASP,0.711244,-0.669726,-0.213538,0.011200
58,H,63,,ASP,64,,LEU,0.236850,-0.360973,0.901998,0.016160
59,H,64,,LEU,65,,LEU,-0.195618,-0.491033,-0.848893,0.010015
60,H,65,,LEU,66,,VAL,0.846752,0.160765,0.507115,0.003982
61,H,66,,VAL,67,,ARG,-0.003751,-0.768424,-0.639930,0.001321
62,H,67,,ARG,68,,ILE,0.890766,0.271491,0.364457,0.002157
63,H,68,,ILE,69,,GLY,-0.266098,-0.959588,-0.091557,0.002316
64,H,69,,GLY,70,,LYS,0.376775,-0.092093,-0.921716,0.017511
65,H,70,,LYS,71,,HIS,-0.534658,0.790452,-0.298875,0.003344
66,H,71,,HIS,72,,SER,-0.985730,0.021958,0.166897,0.006539
67,H,72,,SER,73,,ARG,0.060788,0.183666,0.981107,0.008560
68,H,73,,ARG,74,,THR,0.310383,-0.892145,0.328238,0.006169
69,H,74,,THR,75,,ARG,-0.791693,-0.541902,-0.282072,0.022184
70,H,75,,ARG,76,,TYR,0.817725,-0.574804,0.030429,0.006228
71,H,76,,TYR,77,,GLU,-0.674702,-0.663879,0.322556,0.005154
72,H,77,,GLU,77,A,ARG,0.890196,-0.422651,-0.170049,0.008896
73,H,77,A,ARG,78,,ASN,0.270960,-0.240757,0.931996,0.008233
74,H,78,,ASN,79,,ILE,-0.983487,-0.170840,-0.059734,0.002130
75,H,79,,ILE,80,,GLU,-0.475177,-0.430995,0.767105,0.013623
76,H,80,,GLU,81,,LYS,-0.218562,0.920214,0.324711,0.002343
77,H,81,,LYS,82,,ILE,-0.664611,-0.652467,-0.364114,0.008979
78,H,82,,ILE,83,,SER,-0.375929,0.704873,0.601524,0.001406
79,H,83,,SER,84,,MET,-0.191455,-0.208432,-0.959115,0.005921
80,H,84,,MET,85,,LEU,-0.661297,-0.417655,0.623098,0.013319
81,H,85,,LEU,86,,GLU,-0.433945,0.761458,-0.481532,0.003585
82,H,86,,GLU,87,,LYS,0.457712,0.858646,0.230710,0.002249
83,H,87,,LYS,88,,ILE,-0.478699,-0.551239,-0.683362,0.005677
84,H,88,,ILE,89,,TYR,0.066842,0.990100,-0.123428,0.001859
85,H,89,,TYR,90,,ILE,-0.309046,-0.608526,-0.730881,0.007870
86,H,90,,ILE,91,,HIS,-0.359039,0.929718,-0.081949,0.003905
87,H,91,,HIS,92,,PRO,0.165988,0.170741,-0.971234,0.001275
88,H,92,,PRO,93,,ARG,0.756907,0.405632,0.512400,0.004726
89,H,93,,ARG,94,,TYR,-0.533388,0.823499,0.193256,0.007414
90,H,94,,TYR,95,,ASN,0.581495,0.356652,0.731207,0.006147
91,H,95,,ASN,96,,TRP,-0.545159,0.710810,-0.444466,0.004552
92,H,96,,TRP,97,,ARG,0.472590,-0.161854,-0.866292,0.000968
93,H,97,,ARG,97,A,GLU,0.846780,-0.034070,0.530852,0.002270
94,H,97,A,GLU,98,,ASN,0.075980,-0.227712,0.970760,0.009316
95,H,98,,ASN,99,,LEU,0.567702,0.625013,0.535792,0.003704
96,H,99,,LEU,100,,ASP,-0.537051,-0.461100,0.706373,0.006774
97,H,100,,ASP,101,,ARG,-0.671663,-0.318956,-0.668682,0.002918
98,H,101,,ARG,102,,ASP,0.290626,-0.942041,0.167614,0.004275
99,H,102,,ASP,103,,ILE,0.113711,0.477361,0.871319,0.002676
100,H,103,,ILE,104,,ALA,-0.217609,-0.878444,-0.425420,0.003261
101,H,104,,ALA,105,,LEU,0.163852,0.493118,0.854393,0.005326
102,H,105,,LEU,106,,MET,-0.509240,-0.859614,-0.041689,0.004424
103,H,106,,MET,107,,LYS,0.587555,0.320996,0.742793,0.007758
104,H,107,,LYS,108,,LEU,-0.652800,-0.674636,0.344556,0.010075
105,H,108,,LEU,109,,LYS,0.786370,-0.594225,0.168873,0.002615
106,H,109,,LYS,110,,LYS,-0.021772,-0.059128,-0.998013,0.004597
107,H,110,,LYS,111,,PRO,0.700567,-0.110513,0.704977,0.006243
108,H,111,,PRO,112,,VAL,0.326496,-0.919328,-0.219627,0.002727
109,H,112,,VAL,113,,ALA,0.489347,0.548501,-0.678002,0.007954
110,H,113,,ALA,114,,PHE,0.655863,-0.472301,0.588876,0.005836
111,H,114,,PHE,115,,SER,0.183882,-0.772044,-0.608388,0.005733
112,H,115,,SER,116,,ASP,-0.199122,0.960945,0.192183,0.002824
113,H,116,,ASP,117,,TYR,-0.808983,-0.293331,-0.509415,0.008751
114,H,117,,TYR,118,,ILE,0.215583,-0.278773,-0.935847,0.003017
115,H,118,,ILE,119,,HIS,-0.951337,-0.008471,0.308037,0.001764
116,H,119,,HIS,120,,PRO,0.528086,-0.416812,-0.739860,0.017049
117,H,120,,PRO,121,,VAL,-0.672769,-0.675691,-0.301369,0.006596
118,H,121,,VAL,122,,CYS,-0.357020,0.892260,-0.276420,0.005905
119,H,122,,CYS,123,,LEU,0.321127,-0.399599,-0.858602,0.007050
120,H,123,,LEU,124,,PRO,-0.991760,0.011365,-0.127606,0.069971
121,H,124,,PRO,125,,ASP,-0.091163,0.754229,-0.650252,0.005101
122,H,125,,ASP,126,,ARG,0.356103,-0.850843,-0.386339,0.003234
123,H,126,,ARG,127,,GLU,0.535568,0.218208,0.815814,0.007053
124,H,127,,GLU,128,,THR,-0.550760,0.829619,0.091631,0.000943
125,H,128,,THR,129,,ALA,-0.198440,-0.196691,-0.960174,0.001908
126,H,129,,ALA,129,A,ALA,0.847759,-0.523768,0.083497,0.005026
127,H,129,A,ALA,129,B,SER,0.175989,0.694729,0.697409,0.002258
128,H,129,B,SER,129,C,LEU,-0.556536,0.739078,-0.379515,0.009971
129,H,129,C,LEU,130,,LEU,0.098900,-0.005648,-0.995081,0.008639
130,H,130,,LEU,131,,GLN,-0.012620,0.923923,0.382370,0.002814
131,H,131,,GLN,132,,ALA,0.729037,-0.381531,-0.568278,0.003154
132,H,132,,ALA,133,,GLY,0.136209,0.806926,-0.574732,0.001813
133,H,133,,GLY,134,,TYR,-0.278141,0.641040,0.715336,0.002809
134,H,134,,TYR,135,,LYS,-0.651028,-0.668186,0.360124,0.007516
135,H,135,,LYS,136,,GLY,0.859607,0.031047,0.510011,0.006178
136,H,136,,GLY,137,,ARG,-0.687801,0.725899,0.000850,0.005973
137,H,137,,ARG,138,,VAL,0.429383,-0.499482,0.752428,0.005310
138,H,138,,VAL,139,,THR,-0.300130,0.953292,0.034011,0.004467
139,H,139,,THR,140,,GLY,-0.140653,-0.811942,0.566539,0.001252
140,H,140,,GLY,141,,TRP,-0.161495,0.820182,-0.548835,0.003361
141,H,141,,TRP,142,,GLY,0.928996,0.304739,-0.210002,0.007097
142,H,142,,GLY,143,,ASN,0.089971,-0.224949,-0.970208,0.004602
143,H,143,,ASN,144,,LEU,-0.342794,0.760089,-0.552047,0.002507
144,H,144,,LEU,145,,LYS,-0.698257,-0.440691,-0.564117,0.003801
145,H,145,,LYS,146,,GLU,0.282007,0.792772,0.540356,0.004151
146,H,146,,GLU,147,,THR,0.393411,-0.711039,0.582796,0.007007
147,H,155,,GLY,156,,GLN,0.594469,-0.551425,-0.585267,0.006296
148,H,156,,GLN,157,,PRO,-0.366998,-0.287818,0.884575,0.022892
149,H,157,,PRO,158,,SER,-0.333717,-0.828787,-0.449161,0.003341
150,H,158,,SER,159,,VAL,-0.915934,0.245440,-0.317527,0.004994
151,H,159,,VAL,160,,LEU,0.812817,-0.247495,-0.527328,0.002423
152,H,160,,LEU,161,,GLN,-0.285950,-0.852811,-0.436973,0.011723
153,H,161,,GLN,162,,VAL,-0.435403,0.821486,-0.368218,0.000836
154,H,162,,VAL,163,,VAL,0.570902,-0.783705,-0.244700,0.014276
155,H,163,,VAL,164,,ASN,-0.474905,0.781267,-0.405076,0.003668
156,H,164,,ASN,165,,LEU,0.342784,-0.623916,-0.702302,0.010152
157,H,165,,LEU,166,,PRO,-0.862256,0.491853,0.120810,0.051350
158,H,166,,PRO,167,,ILE,0.243814,0.368532,-0.897072,0.010699
159,H,167,,ILE,168,,VAL,-0.574656,-0.637649,-0.513005,0.012427
160,H,168,,VAL,169,,GLU,-0.357959,0.909366,0.211939,0.007578
161,H,169,,GLU,170,,ARG,-0.089773,0.282108,-0.955173,0.002773
162,H,170,,ARG,171,,PRO,0.953180,0.198638,0.228015,0.033166
163,H,171,,PRO,172,,VAL,-0.380799,-0.255208,0.888741,0.002584
164,H,172,,VAL,173,,CYS,-0.850932,0.299564,-0.431480,0.001296
165,H,173,,CYS,174,,LYS,0.552889,0.565946,-0.611571,0.003158
166,H,174,,LYS,175,,ASP,0.630070,-0.010247,0.776471,0.008723
167,H,175,,ASP,176,,SER,-0.822361,0.475900,0.311835,0.005539
168,H,176,,SER,177,,THR,-0.065770,0.821711,-0.566096,0.009414
169,H,177,,THR,178,,ARG,-0.407873,-0.845167,0.345444,0.003587
170,H,178,,ARG,179,,ILE,0.119789,-0.630330,-0.767029,0.006451
171,H,179,,ILE,180,,ARG,0.308231,-0.694358,0.650278,0.006273
172,H,180,,ARG,181,,ILE,-0.770063,-0.451798,-0.450425,0.005762
173,H,181,,ILE,182,,THR,0.757586,-0.467586,-0.455442,0.001680
174,H,182,,THR,183,,ASP,-0.113050,-0.230453,0.966494,0.003720
175,H,183,,ASP,184,,ASN,0.734238,0.672089,0.095871,0.004523
176,H,184,,ASN,185,,MET,0.530962,-0.829939,-0.171118,0.002006
177,H,185,,MET,186,,PHE,-0.088235,0.975347,-0.202269,0.025845
178,H,186,,PHE,187,,CYS,0.570624,-0.766596,0.294481,0.002679
179,H,187,,CYS,188,,ALA,0.191990,0.732380,-0.653269,0.009258
180,H,188,,ALA,189,,GLY,0.285196,-0.513288,0.809444,0.005609
181,H,189,,GLY,190,A,TYR,-0.522345,0.817048,-0.244108,0.001080
182,H,190,A,TYR,191,,LYS,0.880244,0.409182,0.240293,0.005380
183,H,191,,LYS,192,,PRO,0.373399,-0.026862,-0.927282,0.003622
184,H,192,,PRO,192,A,ASP,-0.001707,-0.917500,0.397732,0.000918
185,H,192,A,ASP,192,B,GLU,0.271618,0.551960,0.788393,0.020545
186,H,192,B,GLU,192,C,GLY,0.670425,0.257794,-0.695754,0.003519
187,H,192,C,GLY,192,D,LYS,0.110681,0.734027,0.670041,0.009772
188,H,192,D,LYS,193,,ARG,-0.471352,-0.876825,-0.094892,0.005277
189,H,193,,ARG,194,,GLY,0.645771,0.288581,0.706895,0.006059
190,H,194,,GLY,195,,ASP,-0.073312,-0.970364,-0.230258,0.009810
191,H,195,,ASP,196,,ALA,-0.159466,0.972909,0.167390,0.013162
192,H,196,,ALA,197,,CYS,-0.924222,-0.107969,-0.366272,0.006734
193,H,197,,CYS,198,,GLU,0.795136,0.024039,0.605955,0.003660
194,H,198,,GLU,199,,GLY,-0.302030,0.634963,0.711055,0.002185
195,H,199,,GLY,200,,ASP,-0.981198,-0.067174,-0.180939,0.004121
196,H,200,,ASP,201,,SER,-0.262638,-0.321371,0.909803,0.001306
197,H,201,,SER,202,,GLY,-0.848471,0.427935,0.311399,0.007079
198,H,202,,GLY,203,,GLY,-0.158223,-0.034444,-0.986803,0.005686
199,H,203,,GLY,204,,PRO,0.763709,0.604673,-0.226093,0.031424
200,H,204,,PRO,205,,PHE,0.429228,-0.898497,0.092010,0.011284
201,H,205,,PHE,206,,VAL,0.114233,0.215802,-0.969732,0.003197
202,H,206,,VAL,207,,MET,0.608457,-0.438906,0.661167,0.004094
203,H,207,,MET,208,,LYS,-0.471154,-0.307658,-0.826656,0.014879
204,H,208,,LYS,209,,SER,0.809304,-0.541401,0.227845,0.002941
205,H,209,,SER,210,,PRO,-0.554740,-0.774828,-0.303158,0.038321
206,H,210,,PRO,210,A,PHE,0.142752,-0.265090,0.953598,0.006835
207,H,210,A,PHE,210,B,ASN,0.878207,0.386434,0.281819,0.004044
208,H,210,B,ASN,211,,ASN,0.809391,-0.568605,-0.146883,0.001962
209,H,211,,ASN,212,,ARG,0.111276,0.917996,-0.380659,0.012853
210,H,212,,ARG,213,,TRP,-0.967109,-0.184605,-0.174990,0.008826
211,H,213,,TRP,214,,TYR,0.056633,0.733043,0.677820,0.005429
212,H,214,,TYR,215,,GLN,-0.413362,0.087119,-0.906390,0.007198
213,H,215,,GLN,216,,MET,-0.328128,0.780369,0.532312,0.000395
214,H,216,,MET,217,,GLY,-0.490791,-0.464499,0.737133,0.004653
215,H,217,,GLY,218,,ILE,0.747084,0.631809,-0.206599,0.006680
216,H,218,,ILE,219,,VAL,-0.770895,0.247337,0.586979,0.001965
217,H,219,,VAL,220,,SER,0.520436,0.785429,0.335034,0.012880
218,H,220,,SER,221,,TRP,0.899994,-0.088233,0.426880,0.003649
219,H,221,,TRP,222,,GLY,-0.695903,0.182172,-0.694646,0.004794
220,H,222,,GLY,223,,GLU,0.742076,-0.018743,0.670053,0.008223
221,H,223,,GLU,225,,GLY,-0.257961,0.965923,-0.021175,0.006336
222,H,225,,GLY,226,,CYS,0.236142,0.064402,-0.969582,0.002731
223,H,226,,CYS,227,,ASP,0.503132,-0.587955,0.633377,0.004887
224,H,227,,ASP,227,A,ARG,0.263907,-0.492845,-0.829131,0.007009
225,H,227,A,ARG,228,,ASP,-0.812488,0.478237,-0.333396,0.002414
226,H,228,,ASP,229,,GLY,0.529607,0.549412,-0.646268,0.011524
227,H,229,,GLY,230,,LYS,0.254160,-0.901185,-0.351096,0.002689
228,H,230,,LYS,231,,TYR,0.149477,0.271975,0.950624,0.011320
229,H,231,,TYR,232,,GLY,-0.676903,-0.384196,-0.627850,0.003687
230,H,232,,GLY,233,,PHE,0.326427,-0.751866,0.572838,0.004407
231,H,233,,PHE,234,,TYR,-0.960362,0.274501,0.048530,0.005356
232,H,234,,TYR,235,,THR,0.536134,-0.834425,-0.127657,0.009551
233,H,235,,THR,236,,HIS,-0.528068,-0.564367,0.634535,0.008182
234,H,236,,HIS,237,,VAL,0.227101,-0.624769,-0.747054,0.018403
235,H,237,,VAL,238,,PHE,-0.505606,0.680748,-0.530042,0.002750
236,H,238,,PHE,239,,ARG,-0.181416,0.356787,0.916401,0.004152
237,H,239,,ARG,240,,LEU,0.038659,-0.998985,0.023099,0.001150
238,H,240,,LEU,241,,LYS,-0.805292,-0.323015,-0.497159,0.003062
239,H,241,,LYS,242,,LYS,-0.376890,0.768734,0.516722,0.000885
240,H,242,,LYS,243,,TRP,0.854521,-0.127889,0.503426,0.001176
241,H,243,,TRP,244,,ILE,-0.094309,-0.917604,-0.386145,0.001524
242,H,244,,ILE,245,,GLN,-0.943826,0.260807,-0.202910,0.001617
243,H,245,,GLN,246,,LYS,0.269635,0.767881,0.581082,0.001317
244,H,246,,LYS,247,,VAL,0.843962,-0.515176,0.149406,0.011051
245,H,247,,VAL,248,,ILE,-0.593306,-0.715940,-0.367992,0.002796
246,H,248,,ILE,249,,ASP,-0.827498,0.557890,0.063290,0.009195
247,H,249,,ASP,250,,GLN,0.310017,0.046642,0.949586,0.006826
248,H,250,,GLN,251,,PHE,0.449933,-0.887821,0.096615,0.006163
249,H,251,,PHE,252,,GLY,-0.648504,-0.637716,0.415645,0.007540
250,H,252,,GLY,253,,GLU,0.051599,0.895566,-0.441926,0.006829
251,I,55,,ASP,56,,PHE,-0.045495,0.124569,0.991167,0.002658
252,I,56,,PHE,57,,GLU,-0.909833,-0.411625,0.052623,0.003263
253,I,57,,GLU,58,,GLU,0.337834,-0.939216,-0.061164,0.010399
254,I,58,,GLU,59,,ILE,-0.018425,-0.239041,0.970835,0.002375
255,I,59,,ILE,60,,PRO,-0.780620,-0.212482,-0.587779,0.008778
256,I,60,,PRO,61,,GLU,-0.131266,-0.952808,0.273726,0.004288
257,I,61,,GLU,62,,GLU,0.386665,0.042113,-0.921258,0.003884
258,I,62,,GLU,63,,TYS,-0.660730,0.703217,0.262529,0.000417
259,I,63,,TYS,64,,LEU,-0.774439,-0.627166,0.083107,0.000791
260,I,64,,LEU,65,,GLN,0.121542,-0.920538,-0.371263,0.006036
261,L,2,,GLY,3,,LEU,0.183986,0.639345,0.746583,0.001538
262,L,3,,LEU,4,,ARG,0.717755,-0.696159,-0.013780,0.008485
263,L,4,,ARG,5,,PRO,0.541423,0.794323,0.275521,0.030348
264,L,5,,PRO,6,,LEU,-0.054697,0.019024,-0.998322,0.011118
265,L,6,,LEU,7,,PHE,0.231741,-0.972767,-0.004463,0.007085
266,L,7,,PHE,8,,GLU,-0.440177,-0.450706,0.776601,0.009546
267,L,8,,GLU,9,,LYS,0.821903,0.342823,0.454916,0.001128
268,L,9,,LYS,10,,LYS,0.157820,-0.197021,-0.967613,0.002306
269,L,10,,LYS,11,,SER,-0.048410,-0.969705,-0.239435,0.001379
270,L,11,,SER,12,,LEU,-0.450355,0.417211,-0.789376,0.003723
271,L,12,,LEU,13,,GLU,-0.034496,0.564790,0.824513,0.004539
272,L,13,,GLU,14,,ASP,0.625254,0.354503,-0.695259,0.004960
273,L,14,,ASP,14,A,LYS,-0.823910,0.522227,-0.220116,0.009437
274,L,14,A,LYS,14,B,THR,-0.141878,-0.910676,-0.387995,0.005291
275,L,14,B,THR,14,C,GLU,0.737141,-0.337850,-0.585219,0.007051
276,L,14,C,GLU,14,D,ARG,0.007869,0.989025,-0.147538,0.006547
277,L,14,D,ARG,14,E,GLU,-0.922807,-0.180570,0.340325,0.009435
278,L,14,E,GLU,14,F,LEU,0.334553,-0.881140,-0.334167,0.001445
279,L,14,F,LEU,14,G,LEU,0.873946,0.354892,-0.332068,0.007188
280,L,14,G,LEU,14,H,GLU,-0.677707,0.724088,-0.128101,0.002981
281,L,14,H,GLU,14,I,SER,-0.585846,-0.792353,-0.170184,0.008053
282,L,14,I,SER,14,J,TYR,0.604097,-0.229863,-0.763039,0.000908
283,L,14,J,TYR,14,K,ILE,-0.801486,-0.149366,-0.579060,0.011514
284,L,14,K,ILE,14,L,ASP,0.778448,0.563838,-0.275874,0.005320
285,L,14,L,ASP,14,M,GLY,0.806434,-0.510209,-0.298916,0.004086
286,L,14,M,GLY,15,,ARG,0.157184,0.084505,0.983947,0.000600
