plane_index_A,plane_index_B,chain,res_i_A,res_j_A,res_i_B,res_j_B,dot,angle_unsigned_deg,angle_signed_deg,dihedral_deg
0,1,A,15,16,16,17,0.256785,75.120600,-104.879400,121.733190
1,2,A,16,17,17,18,0.360609,68.862372,-111.137628,-171.335873
2,3,A,17,18,18,19,0.227111,76.872928,-76.872928,-23.673254
3,4,A,18,19,19,20,0.207885,78.001592,101.998408,-165.378211
4,5,A,19,20,20,21,0.184721,79.355129,100.644871,-142.370949
5,6,A,20,21,21,22,0.021870,88.746820,91.253180,-98.294497
6,7,A,21,22,22,23,0.195563,78.722403,101.277597,-135.522502
7,8,A,22,23,23,24,0.137781,82.080557,97.919443,-140.757033
8,9,A,23,24,24,25,0.130830,82.482434,97.517566,-137.913627
9,10,A,24,25,25,26,0.105378,83.951083,96.048917,-117.153387
10,11,A,25,26,26,27,0.102057,84.142371,95.857629,-111.661057
11,12,A,26,27,27,28,0.185258,79.323840,100.676160,-146.600626
12,13,A,27,28,28,29,0.178515,79.716754,100.283246,155.811090
13,14,A,28,29,29,30,0.188054,79.160763,79.160763,30.040137
14,15,A,29,30,30,31,0.092242,84.707389,-95.292611,112.291721
15,16,A,30,31,31,32,0.614645,52.073838,-127.926162,155.275467
16,17,A,31,32,32,33,0.289227,73.188316,-73.188316,20.631640
17,18,A,32,33,33,34,0.070169,85.976290,-85.976290,-68.122045
18,19,A,33,34,34,35,0.167137,80.378582,-80.378582,38.333814
19,20,A,34,35,35,36,0.224078,77.051356,-77.051356,-35.117142
20,21,A,35,36,36,37,0.775931,39.110445,-140.889555,-167.454280
21,22,A,36,37,37,38,0.388022,67.168506,-112.831494,138.814058
22,23,A,37,38,38,39,0.703958,45.254549,-134.745451,-163.461779
23,24,A,38,39,39,40,0.077982,85.527397,-85.527397,-76.125760
24,25,A,39,40,40,41,0.125156,82.810253,97.189747,-114.727668
25,26,A,40,41,41,42,0.122553,82.960540,97.039460,148.614511
26,27,A,41,42,42,43,0.171862,80.103913,99.896087,133.241765
27,28,A,42,43,43,44,0.141200,81.882718,98.117282,126.276890
28,29,A,43,44,44,45,0.093906,84.611631,-84.611631,71.471580
29,30,A,44,45,45,46,0.123785,82.889380,-97.110620,-99.881262
30,31,A,45,46,46,47,0.136951,82.128552,-97.871448,-119.427882
31,32,A,46,47,47,48,0.292473,72.993933,-107.006067,135.397520
32,33,A,47,48,48,49,0.120884,83.056886,-83.056886,47.989265
33,34,A,48,49,49,50,0.279305,73.781294,73.781294,67.864879
34,35,A,49,50,50,51,0.884172,27.850259,-152.149741,165.321222
35,36,A,50,51,51,52,0.009295,89.467453,-89.467453,-83.949804
36,37,A,51,52,52,53,0.493126,60.453768,-119.546232,134.830660
37,38,A,52,53,53,54,0.486949,60.859780,-119.140220,165.232293
38,39,A,53,54,54,55,0.068635,86.064424,-93.935576,100.578638
39,40,A,54,55,55,56,0.112454,83.543175,96.456825,112.755791
40,41,A,55,56,56,57,0.848457,31.955807,-148.044193,179.032918
41,42,A,56,57,57,58,0.044508,87.449025,-87.449025,-77.815487
42,43,A,57,58,58,59,0.439301,63.940679,116.059321,124.854883
43,44,A,58,59,59,60,0.092933,84.667630,95.332370,113.683587
44,45,A,59,60,60,61,0.100332,84.241705,95.758295,104.013020
45,46,A,60,61,61,62,0.736554,42.561285,-137.438715,176.394639
46,47,A,61,62,62,63,0.116016,83.337783,-83.337783,72.990436
47,48,A,62,63,63,64,0.625641,51.270742,-128.729258,168.092028
48,49,A,63,64,64,65,0.039381,87.743066,-92.256934,105.760017
49,50,A,64,65,65,66,0.035043,87.991762,87.991762,83.439785
50,51,A,65,66,66,67,0.794664,37.376463,-142.623537,-172.387284
51,52,A,66,67,67,68,0.067988,86.101595,-93.898405,100.995252
52,53,A,67,68,68,69,0.744877,41.851433,-138.148567,-140.288257
53,54,A,68,69,69,70,0.712159,44.589175,-135.410825,152.694449
54,55,A,69,70,70,71,0.096396,84.468326,-95.531674,107.710529
55,56,A,70,71,71,72,0.712712,44.544004,-135.455996,-155.142431
56,57,A,71,72,72,73,0.102651,84.108124,-95.891876,100.791105
57,58,A,72,73,73,74,0.256571,75.133309,104.866691,-174.122051
58,59,A,73,74,74,75,0.269169,74.385154,105.614846,140.082773
59,60,A,74,75,75,76,0.128956,82.590734,97.409266,-126.119074
60,61,A,75,76,76,77,0.139306,81.992305,81.992305,72.211870
61,62,A,76,77,77,78,0.244739,75.833563,-75.833563,12.287168
62,63,A,77,78,78,79,0.938565,20.188062,159.811938,171.365677
63,64,A,78,79,79,80,0.377794,67.802910,-112.197090,145.540072
64,65,A,79,80,80,81,0.815305,35.382447,-144.617553,171.621890
65,66,A,80,81,81,82,0.002904,89.833637,-90.166363,94.991108
66,67,A,81,82,82,83,0.194836,78.764863,-101.235137,109.186620
67,68,A,82,83,83,84,0.084869,85.131526,85.131526,73.942338
68,69,A,83,84,84,85,0.963676,15.490334,-164.509666,178.884750
69,70,A,84,85,85,86,0.538052,57.448861,-122.551139,139.523879
70,71,A,85,86,86,87,0.517312,58.847875,121.152125,125.899691
71,72,A,86,87,87,88,0.589448,53.882119,53.882119,1.415368
72,73,A,87,88,88,89,0.991600,7.431793,-172.568207,176.147223
73,74,A,88,89,89,90,0.203730,78.244857,78.244857,-42.083501
74,75,A,89,90,90,91,0.208328,77.975607,102.024393,106.363673
75,76,A,90,91,91,92,0.113127,83.504383,-83.504383,68.393232
76,77,A,91,92,92,93,0.216201,77.513994,-102.486006,-122.285523
77,78,A,92,93,93,94,0.075329,85.679847,-85.679847,73.938315
78,79,A,93,94,94,95,0.166473,80.417205,-99.582795,-103.676740
79,80,A,94,95,95,96,0.246361,75.737696,-104.262304,134.004613
80,81,A,95,96,96,97,0.464019,62.353267,-117.646733,136.923805
81,82,A,96,97,97,98,0.142795,81.790376,-98.209624,104.148616
82,83,A,97,98,98,99,0.303978,72.303295,-107.696705,-138.492918
83,84,A,98,99,99,100,0.200251,78.448378,-78.448378,52.223772
84,85,A,99,100,100,101,0.179015,79.687616,-79.687616,-68.872271
85,86,A,100,101,101,102,0.760408,40.499856,-139.500144,-173.555483
86,87,A,101,102,102,103,0.817120,35.202514,-144.797486,-174.798714
87,88,A,102,103,103,104,0.666487,48.203519,-131.796481,154.058680
88,89,A,103,104,104,105,0.007168,89.589311,-89.589311,86.866160
89,90,A,104,105,105,106,0.778122,38.911032,-141.088968,163.340933
90,91,A,105,106,106,107,0.411553,65.697550,-114.302450,-153.718224
91,92,A,106,107,107,108,0.164894,80.508931,-80.508931,58.706172
92,93,A,107,108,108,109,0.076575,85.608255,-94.391745,-96.913574
93,94,A,108,109,109,110,0.049384,87.169372,-87.169372,9.846401
94,95,A,109,110,110,111,0.034266,88.036300,-88.036300,78.135232
95,96,A,110,111,111,112,0.096214,84.478800,-95.521200,104.826939
96,97,A,111,112,112,113,0.199056,78.518263,-78.518263,-13.812244
97,98,A,112,113,113,114,0.285794,73.393672,-73.393672,15.410809
98,99,A,113,114,114,115,0.161339,80.715347,-99.284653,-100.718784
99,100,A,114,115,115,116,0.026580,88.476904,-91.523096,103.496012
100,101,A,115,116,116,117,0.559213,55.998587,55.998587,42.194961
101,102,A,116,117,117,118,0.924190,22.453446,-157.546554,172.332993
102,103,A,117,118,118,119,0.593619,53.585732,-126.414268,147.779260
103,104,A,118,119,119,120,0.343508,69.909276,-110.090724,122.161269
104,105,A,119,120,120,121,0.327648,70.873902,-70.873902,2.422305
105,106,A,120,121,121,122,0.353678,69.287550,110.712450,171.456480
106,107,A,121,122,122,123,0.263323,74.732662,105.267338,159.975340
107,108,A,122,123,123,124,0.050260,87.119077,92.880923,93.342969
108,109,A,123,124,124,125,0.818240,35.091032,-144.908968,-175.373038
109,110,A,124,125,125,126,0.668350,48.060123,-131.939877,143.014032
110,111,A,125,126,126,127,0.041757,87.606778,-92.393222,101.250058
111,112,A,126,127,127,128,0.527331,58.174715,-121.825285,154.869425
112,113,A,127,128,128,129,0.007523,89.568939,90.431061,90.661600
113,114,A,128,129,129,130,0.145535,81.631720,-98.368280,105.715550
114,115,A,129,130,130,131,0.277796,73.871288,106.128712,-128.706283
115,116,A,130,131,131,132,0.484891,60.994655,60.994655,59.263339
116,117,A,131,132,132,133,0.424296,64.893887,64.893887,61.598393
117,118,A,132,133,133,134,0.900316,25.800418,154.199582,159.203979
118,119,A,133,134,134,135,0.209282,77.919749,-77.919749,34.711533
119,120,A,134,135,135,136,0.018752,88.925521,-91.074479,94.999875
120,121,A,135,136,136,137,0.705426,45.136027,-134.863973,164.910175
121,122,A,136,137,137,138,0.767829,39.840662,-140.159338,160.079315
122,123,A,137,138,138,139,0.341163,70.052255,-109.947745,127.586304
123,124,A,138,139,139,140,0.117822,83.233601,-96.766399,105.956982
124,125,A,139,140,140,141,0.040166,87.698027,87.698027,85.075932
125,126,A,140,141,141,142,0.749396,41.461932,-138.538068,-167.458980
126,127,A,141,142,142,143,0.237340,76.270420,-103.729580,110.442136
127,128,A,142,143,143,144,0.015796,89.094934,-89.094934,-88.320384
128,129,A,143,144,144,145,0.636476,50.470446,-129.529554,167.668080
129,130,A,144,145,145,146,0.266779,74.527341,-74.527341,32.282104
130,131,A,145,146,146,147,0.149796,81.384876,-98.615124,-103.120566
131,132,A,146,147,147,148,0.012783,89.267544,-89.267544,86.435539
132,133,A,147,148,148,149,0.270092,74.330280,-105.669720,-158.231971
133,134,A,148,149,149,150,0.566129,55.519293,-124.480707,145.468075
134,135,A,149,150,150,151,0.243413,75.911910,-104.088090,111.392872
135,136,A,150,151,151,152,0.292517,72.991289,-72.991289,-37.085801
136,137,A,151,152,152,153,0.115342,83.376666,-83.376666,66.904340
137,138,A,152,153,153,154,0.205931,78.115993,-101.884007,-119.207026
138,139,A,153,154,154,155,0.172237,80.082074,99.917926,155.989519
139,140,A,154,155,155,156,0.213313,77.683432,77.683432,-36.516116
140,141,A,155,156,156,157,0.620607,51.639520,128.360480,136.692264
141,142,A,156,157,157,158,0.134368,82.277924,-97.722076,174.447526
142,143,A,157,158,158,159,0.264924,74.637577,-74.637577,34.453839
143,144,A,158,159,159,160,0.294233,72.888477,-107.111523,-117.632293
144,145,A,159,160,160,161,0.151791,81.269260,-81.269260,2.897516
145,146,A,160,161,161,162,0.120978,83.051434,-96.948566,104.039063
146,147,A,161,162,162,163,0.228516,76.790268,76.790268,35.057057
147,148,A,162,163,163,164,0.769955,39.650182,-140.349818,161.092247
148,149,A,163,164,164,165,0.622358,51.511437,-128.488563,-175.828980
149,150,A,164,165,165,166,0.243112,75.929686,-75.929686,35.920806
150,151,A,165,166,166,167,0.063514,86.358492,-86.358492,-83.774549
151,152,A,166,167,167,168,0.275877,73.985727,-106.014273,136.087302
152,153,A,167,168,168,169,0.033567,88.076396,-91.923604,102.672486
153,154,A,168,169,169,170,0.405006,66.108490,-113.891510,129.685767
154,155,A,169,170,170,171,0.318401,71.433746,-108.566254,-115.793405
155,156,A,170,171,171,172,0.099434,84.293420,95.706580,-112.931181
156,157,A,171,172,172,173,0.208982,77.937310,102.062690,-172.432295
157,158,A,172,173,173,174,0.110400,83.661601,96.338399,-134.618801
158,159,A,173,174,174,175,0.190408,79.023433,100.976567,-133.252790
159,160,A,174,175,175,176,0.202974,78.289055,101.710945,-147.157531
160,161,A,175,176,176,177,0.089164,84.884512,95.115488,-141.677425
161,162,A,176,177,177,178,0.146848,81.555717,98.444283,-128.245824
162,163,A,177,178,178,179,0.114137,83.446154,96.553846,-122.080511
163,164,A,178,179,179,180,0.228820,76.772370,103.227630,-145.614200
164,165,A,179,180,180,181,0.174118,79.972693,100.027307,107.062794
165,166,A,180,181,181,182,0.115874,83.345936,-96.654064,-142.384490
166,167,A,181,182,182,183,0.352856,69.337916,-110.662084,124.519251
167,168,A,182,183,183,184,0.440031,63.894110,63.894110,28.848323
168,169,A,183,184,184,185,0.412737,65.623090,-114.376910,135.385865
169,170,A,184,185,185,186,0.670121,47.923587,-132.076413,157.564478
170,171,A,185,186,186,187,0.154827,81.093219,-98.906781,111.016676
171,172,A,186,187,187,188,0.826599,34.249032,-145.750968,-170.283170
172,173,A,187,188,188,189,0.125084,82.814378,-97.185622,114.558879
173,174,A,188,189,189,190,0.095316,84.530507,-84.530507,-74.757800
174,175,A,189,190,190,191,0.151372,81.293537,-98.706463,179.538299
175,176,A,190,191,191,192,0.157801,80.920709,-80.920709,-33.678377
176,177,A,191,192,192,193,0.200283,78.446487,-101.553513,131.835651
177,178,A,192,193,193,194,0.614352,52.095149,-127.904851,144.110788
178,179,A,193,194,194,195,0.192069,78.926435,-101.073565,159.083229
179,180,A,194,195,195,196,0.671612,47.808373,-132.191627,147.057003
180,181,A,195,196,196,197,0.804317,36.455642,-143.544358,172.402885
181,182,A,196,197,197,198,0.491645,60.551209,-119.448791,-174.402197
182,183,A,197,198,198,199,0.672991,47.701699,-132.298301,158.035599
183,184,A,198,199,199,200,0.280288,73.722586,106.277414,106.830505
184,185,A,199,200,200,201,0.185197,79.327401,100.672599,134.312762
185,186,A,200,201,201,202,0.045120,87.413912,92.586088,96.600825
186,187,A,201,202,202,203,0.185365,79.317587,-100.682413,-175.494217
187,188,A,202,203,203,204,0.688628,46.478426,-133.521574,-172.464353
188,189,A,203,204,204,205,0.163229,80.605652,-80.605652,-14.341417
189,190,A,204,205,205,206,0.394001,66.796343,113.203657,148.441911
190,191,A,205,206,206,207,0.117347,83.260974,96.739026,110.235779
191,192,A,206,207,207,208,0.180691,79.590000,-79.590000,35.868131
192,193,A,207,208,208,209,0.197324,78.619486,-78.619486,-78.601861
193,194,A,208,209,209,210,0.149518,81.400985,-81.400985,61.113748
194,195,A,209,210,210,211,0.230093,76.697445,-103.302555,151.592416
195,196,A,210,211,211,212,0.170759,80.168037,-80.168037,-64.588531
196,197,A,211,212,212,213,0.187474,79.194603,-79.194603,39.223244
197,198,A,212,213,213,214,0.178435,79.721365,-100.278635,-137.667171
198,199,A,213,214,214,215,0.614377,52.093320,-127.906680,169.745088
199,200,A,214,215,215,216,0.755523,40.928926,-139.071074,172.603979
200,201,A,215,216,216,217,0.042352,87.572711,-92.427289,109.461596
201,202,A,216,217,217,218,0.106637,83.878500,-96.121500,100.708670
202,203,A,217,218,218,219,0.398577,66.510728,66.510728,6.581214
203,204,A,218,219,219,220,0.129255,82.573468,97.426532,-159.913872
204,205,A,219,220,220,221,0.001508,89.913617,90.086383,-90.257590
205,206,A,220,221,221,222,0.179067,79.684567,100.315433,-145.130630
206,207,A,221,222,222,223,0.152671,81.218244,98.781756,-133.742833
207,208,A,222,223,223,224,0.026614,88.474929,91.525071,-112.856761
208,209,A,223,224,224,225,0.201433,78.379203,101.620797,-126.945983
209,210,A,224,225,225,226,0.125505,82.790078,97.209922,-132.934119
210,211,A,225,226,226,227,0.132378,82.392977,97.607023,-131.801753
211,212,A,226,227,227,228,0.095799,84.502673,95.497327,-130.593492
212,213,A,227,228,228,229,0.221276,77.216015,102.783985,-153.013640
213,214,A,228,229,229,230,0.248822,75.592164,104.407836,174.527338
214,215,A,229,230,230,231,0.138413,82.043982,97.956018,103.185947
215,216,A,230,231,231,232,0.173572,80.004415,-99.995585,-142.170088
216,217,A,231,232,232,233,0.442588,63.730889,-116.269111,177.472980
217,218,A,232,233,233,234,0.073793,85.768109,-85.768109,62.246184
218,219,A,233,234,234,235,0.513081,59.130716,-120.869284,157.334434
219,220,A,234,235,235,236,0.238129,76.223863,103.776137,109.741479
220,221,A,235,236,236,237,0.283696,73.519096,-106.480904,116.255990
221,222,A,236,237,237,238,0.023741,88.639640,88.639640,87.582300
222,223,A,237,238,238,239,0.128115,82.639316,82.639316,61.227558
223,224,A,238,239,239,240,0.285152,73.432089,-106.567911,142.640473
224,225,A,239,240,240,241,0.474944,61.644286,-118.355714,152.726502
225,226,A,240,241,241,242,0.096230,84.477891,-84.477891,-74.703389
226,227,A,241,242,242,243,0.339805,70.135027,109.864973,110.483906
227,228,A,242,243,243,244,0.528822,58.074097,-121.925903,133.894293
228,229,A,243,244,244,245,0.101216,84.190783,95.809217,-117.592425
229,230,A,244,245,245,246,0.148771,81.444260,98.555740,-147.791293
230,231,A,245,246,246,247,0.009446,89.458801,90.541199,-92.535208
231,232,A,246,247,247,248,0.158260,80.894083,99.105917,-144.520551
232,233,A,247,248,248,249,0.169029,80.268608,99.731392,-134.737087
233,234,A,248,249,249,250,0.090345,84.816552,95.183448,-120.040624
234,235,A,249,250,250,251,0.083877,85.188529,94.811471,-119.567003
235,236,A,250,251,251,252,0.106988,83.858277,96.141723,-122.393589
236,237,A,251,252,252,253,0.162233,80.663472,99.336528,-136.228703
237,238,A,252,253,253,254,0.124563,82.844458,97.155542,-140.787422
238,239,A,253,254,254,255,0.070877,85.935627,94.064373,-108.843640
239,240,A,254,255,255,256,0.161448,80.709023,99.290977,-159.654000
240,241,A,255,256,256,257,0.031944,88.169424,91.830576,94.598935
241,242,A,256,257,257,258,0.168952,80.273117,99.726883,115.833671
242,243,A,257,258,258,259,0.212640,77.722915,-77.722915,-69.037441
243,244,A,258,259,259,260,0.235510,76.378303,-76.378303,-36.860947
244,245,A,259,260,260,261,0.351715,69.407746,69.407746,18.187743
245,246,A,260,261,261,262,0.719440,43.991733,-136.008267,154.753192
246,247,A,261,262,262,263,0.495804,60.277216,-119.722784,139.754631
247,248,A,262,263,263,264,0.477239,61.494747,-118.505253,131.608935
248,249,A,263,264,264,265,0.533113,57.783938,-122.216062,-174.400811
249,250,A,264,265,265,266,0.669495,47.971912,-132.028088,162.635366
250,251,A,265,266,266,267,0.266191,74.562279,74.562279,62.723243
251,252,A,266,267,267,268,0.306359,72.160086,-107.839914,-150.190972
252,253,A,267,268,268,269,0.506510,59.568337,59.568337,51.306033
253,254,A,268,269,269,270,0.165751,80.459128,-80.459128,-79.760087
254,255,A,269,270,270,271,0.160060,80.789602,80.789602,77.646530
255,256,A,270,271,271,272,0.159021,80.849900,-80.849900,-48.095996
256,257,A,271,272,272,273,0.194496,78.784740,101.215260,117.919127
257,258,A,272,273,273,274,0.296233,72.768518,72.768518,70.375501
258,259,A,273,274,274,275,0.198345,78.559827,101.440173,105.382582
259,260,A,274,275,275,276,0.212148,77.751746,77.751746,67.680137
260,261,A,275,276,276,277,0.047241,87.292295,92.707705,-99.636735
261,262,A,276,277,277,278,0.001161,89.933490,90.066510,-90.213684
262,263,A,277,278,278,279,0.225869,76.946020,103.053980,-157.694143
263,264,A,278,279,279,280,0.074711,85.715391,94.284609,-113.174055
264,265,A,279,280,280,281,0.152958,81.201597,98.798403,-142.637337
265,266,A,280,281,281,282,0.186206,79.268556,100.731444,-163.921947
266,267,A,281,282,282,283,0.067166,86.148786,86.148786,-50.273262
267,268,A,282,283,283,284,0.053158,86.952819,86.952819,64.935461
268,269,A,283,284,284,285,0.531034,57.924643,-122.075357,-122.834125
269,270,A,284,285,285,286,0.512384,59.177223,-120.822777,131.482294
270,271,A,285,286,286,287,0.202233,78.332443,-101.667557,118.403814
271,272,A,286,287,287,288,0.135564,82.208768,82.208768,4.374066
272,273,A,287,288,288,289,0.918471,23.296430,-156.703570,164.491738
273,274,A,288,289,289,290,0.728807,43.213507,43.213507,34.931090
274,275,A,289,290,290,291,0.649659,49.484124,130.515876,139.789803
275,276,A,290,291,291,292,0.625774,51.260993,-128.739007,152.365195
276,277,A,291,292,292,293,0.300839,72.492025,107.507975,110.373408
277,278,A,292,293,293,294,0.899304,25.933241,-154.066759,163.411778
278,279,A,293,294,294,295,0.462048,62.480657,117.519343,127.267368
279,280,A,294,295,295,296,0.123228,82.921585,82.921585,73.024079
280,281,A,295,296,296,297,0.583124,54.329423,-54.329423,-25.257385
281,282,A,296,297,297,298,0.208258,77.979695,102.020305,-143.006683
282,283,A,297,298,298,299,0.323702,71.113059,108.886941,121.314379
283,284,A,298,299,299,300,0.145498,81.633881,-81.633881,60.848811
284,285,A,299,300,300,301,0.560617,55.901554,-124.098446,159.197642
285,286,A,300,301,301,302,0.624244,51.373296,-128.626704,147.555284
286,287,A,301,302,302,303,0.846533,32.163442,-147.836558,176.781768
287,288,A,302,303,303,304,0.488363,60.766980,-119.233020,137.833949
288,289,A,303,304,304,305,0.565372,55.571882,-124.428118,153.319632
289,290,A,304,305,305,306,0.301838,72.431980,-107.568020,122.614700
290,291,A,305,306,306,307,0.009839,89.436262,-89.436262,86.822981
291,292,A,306,307,307,308,0.113378,83.489940,-83.489940,47.680787
293,294,A,314,315,315,316,0.887406,27.450878,-152.549122,179.490191
294,295,A,315,316,316,317,0.132513,82.385166,-97.614834,175.210991
295,296,A,316,317,317,318,0.519861,58.677075,-121.322925,137.569560
296,297,A,317,318,318,319,0.257527,75.076597,-104.923403,139.096082
297,298,A,318,319,319,320,0.584119,54.259196,-125.740804,142.745820
298,299,A,319,320,320,321,0.405504,66.077255,-113.922745,123.999521
299,300,A,320,321,321,322,0.149362,81.410039,98.589961,100.274806
300,301,A,321,322,322,323,0.051096,87.071114,-87.071114,-49.381282
301,302,A,322,323,323,324,0.257615,75.071413,-75.071413,-10.607903
302,303,A,323,324,324,325,0.003130,89.820684,90.179316,100.479647
303,304,A,324,325,325,326,0.120322,83.089319,-83.089319,72.410269
304,305,A,325,326,326,327,0.248491,75.611759,104.388241,-145.377199
305,306,A,326,327,327,328,0.018900,88.917020,91.082980,-94.079552
306,307,A,327,328,328,329,0.224374,77.033954,102.966046,-149.473854
307,308,A,328,329,329,330,0.075201,85.687251,94.312749,-104.886374
308,309,A,329,330,330,331,0.051675,87.037909,92.962091,-115.026983
309,310,A,330,331,331,332,0.145959,81.607187,98.392813,-128.112070
310,311,A,331,332,332,333,0.165747,80.459390,99.540610,-144.043664
311,312,A,332,333,333,334,0.107462,83.830940,96.169060,-110.525431
312,313,A,333,334,334,335,0.116910,83.286219,96.713781,-149.582322
313,314,A,334,335,335,336,0.200204,78.451094,78.451094,-17.998614
314,315,A,335,336,336,337,0.510464,59.305267,59.305267,-9.151172
315,316,A,336,337,337,338,0.122008,82.992023,82.992023,-52.430997
316,317,A,337,338,338,339,0.138358,82.047165,97.952835,-113.271472
317,318,A,338,339,339,340,0.240521,76.082722,103.917278,-178.645829
318,319,A,339,340,340,341,0.043706,87.495019,92.504981,-101.471417
319,320,A,340,341,341,342,0.189978,79.048508,100.951492,-133.288569
320,321,A,341,342,342,343,0.092534,84.690612,95.309388,-118.218926
321,322,A,342,343,343,344,0.126144,82.753153,97.246847,-115.992916
322,323,A,343,344,344,345,0.219060,77.346148,102.653852,-159.280804
323,324,A,344,345,345,346,0.274703,74.055667,105.944333,114.011037
324,325,A,345,346,346,347,0.041070,87.646187,-92.353813,-96.894668
325,326,A,346,347,347,348,0.019947,88.857048,-88.857048,85.165985
326,327,A,347,348,348,349,0.014214,89.185543,90.814457,93.393129
327,328,A,348,349,349,350,0.074147,85.747764,94.252236,94.378251
328,329,A,349,350,350,351,0.029887,88.287322,91.712678,96.133483
329,330,A,350,351,351,352,0.257779,75.061676,-75.061676,-14.801019
330,331,A,351,352,352,353,0.080473,85.384232,-85.384232,-68.850909
331,332,A,352,353,353,354,0.055007,86.846757,-93.153243,100.531658
332,333,A,353,354,354,355,0.473315,61.750326,-118.249674,141.781459
333,334,A,354,355,355,356,0.613971,52.122810,-127.877190,-150.507336
334,335,A,355,356,356,357,0.418305,65.272385,-114.727615,169.367792
335,336,A,356,357,357,358,0.916509,23.579128,-156.420872,179.143348
336,337,A,357,358,358,359,0.418724,65.245915,-114.754085,158.756654
337,338,A,358,359,359,360,0.084609,85.146487,-94.853513,117.733813
338,339,A,359,360,360,361,0.023476,88.654782,88.654782,86.365910
339,340,A,360,361,361,362,0.881368,28.192167,-151.807833,176.214235
340,341,A,361,362,362,363,0.083467,85.212134,-85.212134,16.188976
341,342,A,362,363,363,364,0.631549,50.835494,-129.164506,141.699634
342,343,A,363,364,364,365,0.241774,76.008737,-103.991263,120.954643
343,344,A,364,365,365,366,0.043812,87.488949,-87.488949,-80.680877
344,345,A,365,366,366,367,0.137137,82.117802,-97.882198,153.993752
345,346,A,366,367,367,368,0.081214,85.341674,94.658326,105.952872
346,347,A,367,368,368,369,0.504948,59.672084,59.672084,-17.523221
347,348,A,368,369,369,370,0.696778,45.830939,-134.169061,167.111830
348,349,A,369,370,370,371,0.170125,80.204887,-80.204887,52.739915
349,350,A,370,371,371,372,0.432176,64.394285,-115.605715,164.509999
350,351,A,371,372,372,373,0.104241,84.016584,95.983416,96.813262
351,352,A,372,373,373,374,0.163152,80.610109,-99.389891,119.756069
352,353,A,373,374,374,375,0.039463,87.738323,-92.261677,103.605567
353,354,A,374,375,375,376,0.848388,31.963186,-148.036814,175.714480
354,355,A,375,376,376,377,0.253316,75.326180,-104.673820,114.731192
355,356,A,376,377,377,378,0.477382,61.485420,-118.514580,-171.902072
356,357,A,377,378,378,379,0.874287,29.039241,-150.960759,167.171938
357,358,A,378,379,379,380,0.256497,75.137667,-104.862333,129.208607
358,359,A,379,380,380,381,0.597886,53.281365,-126.718635,177.235139
359,360,A,380,381,381,382,0.222894,77.120934,102.879066,174.482422
360,361,A,381,382,382,383,0.415518,65.448068,114.551932,122.487504
361,362,A,382,383,383,384,0.107311,83.839643,96.160357,99.471197
362,363,A,383,384,384,385,0.183734,79.412655,-79.412655,-76.560740
363,364,A,384,385,385,386,0.177546,79.773145,79.773145,74.003354
364,365,A,385,386,386,387,0.017572,88.993162,-88.993162,-88.292211
365,366,A,386,387,387,388,0.650670,49.407828,-130.592172,175.333942
366,367,A,387,388,388,389,0.257306,75.089748,-75.089748,-23.393762
367,368,A,388,389,389,390,0.971679,13.668432,166.331568,168.259570
368,369,A,389,390,390,391,0.042550,87.561357,-92.438643,-164.427654
369,370,A,390,391,391,392,0.685589,46.718064,-133.281936,175.791721
370,371,A,391,392,392,393,0.734199,42.760421,-137.239579,158.964454
371,372,A,392,393,393,394,0.481148,61.239599,-118.760401,151.771560
372,373,A,393,394,394,395,0.132946,82.360145,-82.360145,-39.868903
373,374,A,394,395,395,396,0.097141,84.425434,95.574566,99.706453
374,375,A,395,396,396,397,0.442735,63.721505,116.278495,-169.272079
375,376,A,396,397,397,398,0.165947,80.447761,-80.447761,55.093600
376,377,A,397,398,398,399,0.000884,89.949373,89.949373,89.930924
377,378,A,398,399,399,400,0.280301,73.721813,-73.721813,34.350765
378,379,A,399,400,400,401,0.286860,73.329938,106.670062,151.781677
379,380,A,400,401,401,402,0.012686,89.273126,90.726874,91.530857
380,381,A,401,402,402,403,0.392613,66.882830,113.117170,115.680123
381,382,A,402,403,403,404,0.319972,71.338765,108.661235,170.354398
382,383,A,403,404,404,405,0.385820,67.305341,112.694659,167.757408
383,384,A,404,405,405,406,0.266892,74.520592,105.479408,136.576483
384,385,A,405,406,406,407,0.172948,80.040719,80.040719,63.714470
385,386,A,406,407,407,408,0.015063,89.136949,-89.136949,87.324462
386,387,A,407,408,408,409,0.398000,66.546763,-113.453237,-134.106971
387,388,A,408,409,409,410,0.150157,81.363975,-98.636025,109.341993
388,389,A,409,410,410,411,0.246158,75.749727,75.749727,62.863919
389,390,A,410,411,411,412,0.896023,26.359812,-153.640188,172.587021
390,391,A,411,412,412,413,0.406383,66.022159,-113.977841,124.427621
391,392,A,412,413,413,414,0.036472,87.909843,-92.090157,99.225131
392,393,A,413,414,414,415,0.297987,72.663247,107.336753,111.379729
393,394,A,414,415,415,416,0.329974,70.732810,-109.267190,134.390968
394,395,A,415,416,416,417,0.230249,76.688286,-76.688286,-40.727910
395,396,A,416,417,417,418,0.409615,65.819365,114.180635,114.183471
396,397,A,417,418,418,419,0.211561,77.786152,77.786152,14.099131
397,398,A,418,419,419,420,0.058926,86.621812,-93.378188,-96.472163
398,399,A,419,420,420,421,0.140809,81.905341,-98.094659,-125.051277
399,400,A,420,421,421,422,0.192276,78.914352,-101.085648,114.509394
400,401,A,421,422,422,423,0.154016,81.140289,-98.859711,109.162315
401,402,A,422,423,423,424,0.082316,85.278320,-85.278320,-70.281435
402,403,A,423,424,424,425,0.221587,77.197725,-77.197725,32.373793
403,404,A,424,425,425,426,0.020948,88.799657,-91.200343,-91.638522
404,405,A,425,426,426,427,0.139775,81.965172,-81.965172,-47.978873
405,406,A,426,427,427,428,0.392444,66.893369,-113.106631,167.046849
406,407,A,427,428,428,429,0.816799,35.234332,-144.765668,179.410626
407,408,A,428,429,429,430,0.089166,84.884388,-95.115612,149.540097
408,409,A,429,430,430,431,0.696963,45.816163,-134.183837,151.491222
409,410,A,430,431,431,432,0.255510,75.196182,-104.803818,123.346923
410,411,A,431,432,432,433,0.146585,81.570918,-98.429082,111.623646
411,412,A,432,433,433,434,0.352449,69.362833,69.362833,53.406767
412,413,A,433,434,434,435,0.718774,44.046666,-135.953334,158.662731
413,414,A,434,435,435,436,0.053820,86.914853,-86.914853,82.941404
414,415,A,435,436,436,437,0.310996,71.880749,108.119251,150.095310
415,416,A,436,437,437,438,0.068084,86.096068,93.903932,100.349233
416,417,A,437,438,438,439,0.172797,80.049526,80.049526,75.836328
417,418,A,438,439,439,440,0.014122,89.190822,-90.809178,94.287429
418,419,A,439,440,440,441,0.058016,86.674040,-86.674040,74.038498
419,420,A,440,441,441,442,0.164393,80.538032,-80.538032,-62.058803
