pdb_id	N_links	mean_box_rms	q95_box_rms	mean_angle_err	q95_angle_err	corr(box_rms,angle_err)	corr(O_offset,angle_err)	frac_OK	frac_OXYGEN_SKEW	frac_OTHER	frac_MISSING_ATOMS
1awp	170	0.0052541588235294106	0.011686499999999992	0.5292941176470588	1.2914999999999999	0.7079939207788647	0.9758303990572434	1.0	0.0	0.0	0.0
1bcp	1856	0.011749757543103447	0.024358499999999998	2.0456632543103446	4.83425	0.8116665818840254	0.9869988812361582	0.9989224137931034	0.0	0.0010775862068965517	0.0
1bfn	489	0.02065801226993865	0.04984939999999993	2.0053803680981597	4.602799999999999	0.5786280036121006	0.8945964067806822	0.9959100204498977	0.0	0.00408997955010225	0.0
1bqn	986	0.013396589249492899	0.02964625	2.409950304259635	5.978	0.8299479603017565	0.9901546336489359	0.9888438133874239	0.0	0.011156186612576065	0.0
1bty	222	0.0073592072072072075	0.019959649999999995	3.7362522522522514	29.06034999999998	-0.01684904721281929	0.16673441437435288	0.9369369369369369	0.013513513513513514	0.04954954954954955	0.0
1c1u	286	0.007060192307692307	0.0173955	11.168772727272728	80.07725	0.02339842468363669	0.3779214866148322	0.8426573426573427	0.006993006993006993	0.15034965034965034	0.0
1ct5	225	0.031733466666666675	0.07645119999999996	2.865151111111111	6.685799999999999	0.5382212237396354	0.9033269901576259	0.9777777777777777	0.0	0.022222222222222223	0.0
1ctx	70	0.02315095714285714	0.06387484999999998	2.4959571428571437	6.638949999999998	0.7309295325390849	0.8866064337120403	0.9714285714285714	0.0	0.02857142857142857	0.0
1cw8	8	0.019402625	0.046182799999999996	1.170125	2.7606999999999995	0.994701456748691	0.7746006270347052	1.0	0.0	0.0	0.0
1dhj	316	0.011820933544303797	0.02586875	1.2822120253164555	3.109	0.4209741996590315	0.9169520663140478	1.0	0.0	0.0	0.0
1dkt	141	0.00898459574468085	0.017411	1.4472056737588654	3.444	0.7047627316365859	0.9831005958639782	1.0	0.0	0.0	0.0
1dp0	4040	0.016897794306930693	0.03830124999999997	1.6118849009900988	3.597199999999999	0.42587991711960455	0.8736989487797313	1.0	0.0	0.0	0.0
1ff1	99	0.003192030303030303	0.008988699999999999	0.31663636363636366	0.8227999999999994	0.9300469774246076	0.8905175496048574	1.0	0.0	0.0	0.0
1fpk	620	0.012871695161290322	0.026788899999999987	2.4279951612903226	5.574949999999998	0.8818141628487172	0.9896519048057105	0.9887096774193549	0.0	0.01129032258064516	0.0
1g1w	161	0.01213376397515528	0.02835	1.4922857142857142	3.371	0.4891602391103343	0.9224898792181377	1.0	0.0	0.0	0.0
1gp8	39	0.0009066153846153844	0.002027900000000001	0.08217948717948717	0.19330000000000003	0.9164041735939599	0.8497483759777041	1.0	0.0	0.0	0.0
1j0j	1174	0.005572848381601363	0.013234149999999991	0.5404591141396934	1.3250499999999998	0.727665486955514	0.972046954092216	1.0	0.0	0.0	0.0
1j5s	1348	0.017552663946587537	0.04501925	1.403083827893175	3.4335999999999993	0.8071373249924764	0.9636418110217995	0.9992581602373887	0.0	0.000741839762611276	0.0
1joy	132	0.003421916666666667	0.011359549999999998	0.3631287878787879	0.9364999999999999	0.915558068404047	0.9435613212981744	1.0	0.0	0.0	0.0
1jpi	356	0.007561952247191011	0.01611025	1.2569016853932584	3.04425	0.9006854051994878	0.9829506679801353	0.9971910112359551	0.0	0.0028089887640449437	0.0
1jtf	289	0.013567664359861592	0.02763019999999998	2.3559065743944636	5.711599999999987	0.8017926858307608	0.9884077039237884	0.9965397923875432	0.0	0.0034602076124567475	0.0
1jwt	295	0.05221931186440679	0.1199569	2.9123423728813562	6.752000000000001	0.8565141637763198	0.7686362428657364	0.9830508474576272	0.0	0.01694915254237288	0.0
1ka0	352	0.02074506534090909	0.05058349999999999	1.7341761363636365	3.7760499999999997	0.5985726525280121	0.8967314655266101	1.0	0.0	0.0	0.0
1kdf	64	0.0005295	0.001759199999999999	0.05670312500000001	0.14264999999999994	0.886403672866495	0.9128101675257001	1.0	0.0	0.0	0.0
1kr2	1383	0.008215874909616776	0.020696199999999998	0.9556955892986261	2.3643999999999994	0.7107252672238321	0.9683278810115815	1.0	0.0	0.0	0.0
1lee	330	0.016910224242424242	0.0378417	2.844975757575758	6.617950000000003	0.8175616135468271	0.9853139114113822	0.9727272727272728	0.0	0.02727272727272727	0.0
1lrt	1331	0.005202957926371149	0.014183999999999999	0.5001134485349361	1.2125	0.7545414552819824	0.973562451829102	1.0	0.0	0.0	0.0
1lv0	432	0.005598543981481481	0.014136399999999992	0.5330092592592592	1.302299999999999	0.7932747999149388	0.9761002585724613	1.0	0.0	0.0	0.0
1m7x	2326	0.006163254084264833	0.01594175	0.6085782459157352	1.5002499999999999	0.702115122139343	0.9705962140022307	1.0	0.0	0.0	0.0
1msn	196	0.006346158163265307	0.01530275	0.6278265306122449	1.48875	0.7503047825411442	0.979173224008936	1.0	0.0	0.0	0.0
1mzv	215	0.025854246511627904	0.06845779999999996	1.7581348837209303	3.9147	0.8571697403246814	0.9589239103880991	0.986046511627907	0.0	0.013953488372093023	0.0
1nvg	346	0.013313615606936417	0.0366115	0.9370953757225434	2.3834999999999997	0.9040362157448987	0.9810372243000096	1.0	0.0	0.0	0.0
1o4b	105	0.01241010476190476	0.0275744	1.8121619047619049	4.001399999999999	0.6692304682869359	0.976648650312144	1.0	0.0	0.0	0.0
1oh3	280	0.03037152857142857	0.08190030000000002	2.0607107142857144	5.007350000000001	0.8332236267493651	0.9653063631005075	1.0	0.0	0.0	0.0
1oqm	786	0.008119834605597964	0.021697	0.7916641221374047	1.8792499999999999	0.6990126839498065	0.9642324320439299	1.0	0.0	0.0	0.0
1p98	77	0.017616142857142858	0.037717	0.9970129870129869	2.2688	0.5604239631657254	0.6746597215823841	1.0	0.0	0.0	0.0
1pkt	75	0.001263013333333333	0.004025499999999994	0.14390666666666665	0.3775	0.8947899948438944	0.9282202890423806	1.0	0.0	0.0	0.0
1pxx	2203	0.005966464820699046	0.014066	0.8186758965047662	1.5244000000000004	0.10943378979109927	0.5140405598773494	0.9963685882886972	0.0018157058556513845	0.0018157058556513845	0.0
1qhg	618	0.023618545307443367	0.052214249999999976	3.069132686084142	7.492299999999999	0.6537762393492218	0.778575133437296	0.9660194174757282	0.0016181229773462784	0.032362459546925564	0.0
1s44	358	0.027602483240223463	0.0600092	2.7786256983240225	6.365999999999998	0.5818263164464043	0.9452652035512757	0.9804469273743017	0.0	0.019553072625698324	0.0
1s4i	601	0.04551219633943428	0.121746	3.512131447587355	9.312	0.8159032996914769	0.8359466987655451	0.9317803660565723	0.018302828618968387	0.04991680532445923	0.0
1spr	409	0.04139337408312958	0.09659579999999998	3.078171149144255	6.975	0.791065165737582	0.934611999960662	0.9633251833740831	0.0	0.03667481662591687	0.0
1thc	231	0.014493783549783552	0.0317085	1.999238095238095	4.567	0.604421162943616	0.9396315570677193	1.0	0.0	0.0	0.0
1tsn	263	0.014271771863117871	0.03267469999999998	1.5119885931558936	3.755	0.5287848449124826	0.9198387928739841	1.0	0.0	0.0	0.0
1uqu	897	0.025989574136008917	0.06719419999999998	1.845284280936455	4.887399999999999	0.8635103699039961	0.9302943202668384	0.9977703455964325	0.0	0.002229654403567447	0.0
1vb9	1168	0.006040898116438356	0.01602374999999998	0.5660171232876712	1.36965	0.7586073192949164	0.9708999332858649	1.0	0.0	0.0	0.0
1ve6	1146	0.007884387434554973	0.02027275	0.7863211169284468	1.9095	0.725483915041281	0.9726703144539103	1.0	0.0	0.0	0.0
1vf6	213	0.004178098591549296	0.009437799999999977	0.4489389671361502	0.9889999999999999	0.5669741955001464	0.9518819924369342	1.0	0.0	0.0	0.0
1vji	349	0.030613561604584526	0.07464359999999999	2.2942034383954155	5.2765999999999975	0.7770163049224574	0.9415849917949235	0.9914040114613181	0.0	0.008595988538681949	0.0
1x1z	428	0.013482792056074765	0.03748799999999995	1.3797897196261681	3.458849999999997	0.7488812182553036	0.969519198663146	1.0	0.0	0.0	0.0
1xi9	1546	0.022827633893919792	0.0590805	1.47514553686934	3.8362499999999997	0.9281335022787678	0.9637179427938094	0.999353169469599	0.0	0.000646830530401035	0.0
1xk8	637	0.020068448979591837	0.05321659999999993	1.336442700156986	3.7499999999999973	0.9226577089701989	0.9841777630130537	1.0	0.0	0.0	0.0
1y3x	222	0.024404036036036043	0.06323969999999997	4.26317117117117	26.26734999999975	0.13861581634828313	0.18238562504606007	0.9459459459459459	0.009009009009009009	0.04504504504504504	0.0
1y4c	478	0.004786740585774059	0.013177149999999997	0.4418619246861925	1.1634999999999993	0.7457298428212596	0.9731891314341935	1.0	0.0	0.0	0.0
1ygw	103	0.0007159126213592232	0.0004318	0.06640776699029127	0.08569999999999997	0.9958644209586464	0.07845381048641725	1.0	0.0	0.0	0.0
1yq3	1093	0.014868106129917657	0.0342752	1.7689515096065873	4.191599999999998	0.6159739957497307	0.9536020634729274	1.0	0.0	0.0	0.0
1yr3	1632	0.005968507352941176	0.018316849999999992	0.5869283088235294	1.6136999999999988	0.7736906547565912	0.9563113584099263	1.0	0.0	0.0	0.0
1yvz	547	0.005337394881170018	0.014532699999999964	0.5122650822669105	1.3512999999999995	0.7298794449032721	0.9678175807152434	1.0	0.0	0.0	0.0
1z6a	478	0.005421707112970712	0.013660399999999994	0.6892280334728034	1.457	0.1987826435651252	0.2529420589449887	0.99581589958159	0.0	0.0041841004184100415	0.0
1zaq	43	0.0013265116279069767	0.0031072999999999995	0.1311627906976744	0.3055	0.8358766868692501	0.8527204512780547	1.0	0.0	0.0	0.0
1zbu	973	0.022965321685508737	0.05960099999999999	1.5466896197327853	3.7434	0.9133699169398549	0.9794297245880531	1.0	0.0	0.0	0.0
1zej	281	0.02426755516014235	0.05714	1.857402135231317	4.275	0.7715964220218454	0.9277120588111271	0.99644128113879	0.0	0.0035587188612099642	0.0
1zrm	219	0.006719762557077626	0.0135699	1.0859406392694064	2.5552	0.7532097380867009	0.9842597466387009	1.0	0.0	0.0	0.0
1zx6	55	0.023553727272727275	0.05071439999999998	1.7937090909090911	3.8228999999999997	0.7221153321584778	0.9548176583262677	1.0	0.0	0.0	0.0
2a8i	672	0.005826313988095237	0.016064599999999984	0.590546130952381	1.5408499999999978	0.7708178624979964	0.9797378766281316	1.0	0.0	0.0	0.0
2ad5	1066	0.007846516885553472	0.017784	0.8811491557223265	2.17425	0.5223735164339324	0.9288781147846664	1.0	0.0	0.0	0.0
2ast	540	0.0219156962962963	0.05569494999999996	1.4098907407407406	3.56705	0.9244462204958417	0.9538172028657196	1.0	0.0	0.0	0.0
2brc	213	0.022748910798122066	0.05161719999999997	1.8363333333333334	4.386399999999998	0.6562004070131471	0.9547532021469602	1.0	0.0	0.0	0.0
2cav	343	0.008547102040816327	0.021548199999999997	0.9442944606413995	2.1602999999999994	0.7559324623720499	0.9732686232930452	1.0	0.0	0.0	0.0
2cd9	720	0.026164538888888887	0.0637865	1.9453777777777779	4.480949999999999	0.7869275412201907	0.9592884039761487	1.0	0.0	0.0	0.0
2cmc	284	0.006987658450704225	0.0171551	0.7340316901408451	1.7936499999999982	0.7031132652706881	0.9765192813951036	1.0	0.0	0.0	0.0
2cxn	1112	0.021190296762589926	0.05967400000000002	1.3303794964028777	3.6115000000000013	0.9246809617559845	0.982368527863645	1.0	0.0	0.0	0.0
2dgn	430	0.005337725581395349	0.013462449999999997	0.5029209302325581	1.284199999999998	0.7399188774560315	0.9724386961410963	1.0	0.0	0.0	0.0
2di0	70	0.00018585714285714286	0.000301	0.036957142857142855	0.07209999999999998	0.6063118346409256	0.8722960859363414	1.0	0.0	0.0	0.0
2erw	52	0.026560134615384624	0.05920534999999999	1.9304615384615382	4.704549999999998	0.637705836447596	0.9617085395486904	1.0	0.0	0.0	0.0
2f1g	435	0.024532728735632184	0.0608711	1.7849839080459768	4.176899999999998	0.7388160893066417	0.9585185933923104	1.0	0.0	0.0	0.0
2fyp	460	0.005563658695652175	0.014775899999999979	0.5168021739130434	1.3743499999999997	0.7423509865821851	0.978387238371825	1.0	0.0	0.0	0.0
2h90	358	0.00619709217877095	0.015870449999999998	0.5871899441340782	1.4230499999999995	0.7742267142501577	0.9794753736264328	1.0	0.0	0.0	0.0
2i5g	648	0.005066367283950618	0.012317599999999998	0.48297222222222225	1.1703499999999996	0.7349319367655742	0.9677466560128296	1.0	0.0	0.0	0.0
2i65	499	0.0240468877755511	0.0656453	1.6643527054108216	4.235499999999998	0.9114787254112651	0.9689634342512442	0.9959919839679359	0.0	0.004008016032064128	0.0
2ine	313	0.02664300638977636	0.06180859999999999	2.7509041533546323	6.154399999999998	0.5993212100549605	0.9562898379992185	0.9840255591054313	0.0	0.01597444089456869	0.0
2ji8	1113	0.024015229110512126	0.0629168	1.6502848158131178	4.004399999999997	0.8971236896065501	0.9785399416994777	0.9982030548068284	0.0	0.0017969451931716084	0.0
2k28	59	0.037660508474576276	0.08989519999999995	2.3796610169491523	5.9649	0.8671170201613845	0.9792856953431661	1.0	0.0	0.0	0.0
2lhb	148	0.01410316891891892	0.03132000000000001	1.5750608108108106	3.8124000000000007	0.6597610415516355	0.9828044188912803	1.0	0.0	0.0	0.0
2lje	46	0.02455610869565218	0.06566050000000001	1.6557173913043475	4.252	0.937472370384944	0.983612468714766	1.0	0.0	0.0	0.0
2lk2	88	0.002430125	0.005528899999999989	0.25756818181818186	0.5912999999999998	0.9133023290703368	0.9163740570979478	1.0	0.0	0.0	0.0
2lnv	103	0.036487961165048544	0.10024249999999993	2.3919417475728153	6.161199999999996	0.9003463067725741	0.9509958247891035	0.9805825242718447	0.0	0.019417475728155338	0.0
2nvn	120	0.0218485	0.05360439999999999	1.835	4.419949999999999	0.7649986473863529	0.9696896104402307	1.0	0.0	0.0	0.0
2oae	1458	0.0065746378600823035	0.015598	0.6857345679012345	1.6032999999999997	0.7038488548360309	0.9651156981656527	1.0	0.0	0.0	0.0
2oig	394	0.006705685279187817	0.0171287	0.858982233502538	2.040599999999998	0.7005063138213964	0.9736519131660799	1.0	0.0	0.0	0.0
2owo	585	0.005304700854700855	0.014612799999999992	0.5261247863247863	1.4053999999999993	0.7604592814882387	0.9710510062379576	1.0	0.0	0.0	0.0
2oxl	122	0.01733877868852459	0.04505829999999999	1.3505819672131147	3.0603499999999997	0.7837985194464885	0.9326854193714836	1.0	0.0	0.0	0.0
2pdp	314	0.0212098025477707	0.05663645	1.3045254777070063	3.0821999999999994	0.8358858697545429	0.9199890376799957	1.0	0.0	0.0	0.0
2pl9	427	0.02215107494145199	0.047433699999999995	1.502189695550351	3.361099999999999	0.8207497781977078	0.9627038740721561	1.0	0.0	0.0	0.0
2qcg	514	0.00607352140077821	0.015011049999999996	0.6196653696498055	1.5262499999999994	0.7347767165903331	0.9735678930288655	1.0	0.0	0.0	0.0
2qjv	524	0.02455788740458015	0.05674214999999999	2.146723282442748	4.990449999999995	0.6752579743609525	0.964017713264448	0.9961832061068703	0.0	0.003816793893129771	0.0
2qoh	548	0.00813370802919708	0.02191189999999999	0.7640565693430657	1.7680999999999996	0.6960275628334198	0.9618097151112162	1.0	0.0	0.0	0.0
2r15	412	0.027414956310679608	0.06392449999999998	1.938138349514563	4.735399999999999	0.8845640379365766	0.9703365713696244	1.0	0.0	0.0	0.0
2r5n	1327	0.0227188568198945	0.06101830000000002	1.4512795779954786	3.704500000000001	0.8835109066564567	0.9719613018218328	1.0	0.0	0.0	0.0
2r9i	71	0.021897464788732394	0.052628	1.4560422535211268	3.6925	0.8168799550366029	0.9757976083202363	1.0	0.0	0.0	0.0
2vja	1057	0.005659885525070956	0.0147392	0.5326111636707663	1.2492	0.727893469687093	0.9684765050123402	1.0	0.0	0.0	0.0
2wwj	691	0.028601833574529664	0.070404	1.9949435600578869	4.7155000000000005	0.8580786319442384	0.9549465774427451	0.9971056439942113	0.0	0.002894356005788712	0.0
2x23	1068	0.02575078183520599	0.06804249999999999	1.8572106741573036	4.563899999999999	0.8155782121873133	0.9629141325562672	0.99812734082397	0.0	0.0018726591760299626	0.0
2y03	583	0.022618766723842196	0.0543843	1.6573499142367065	3.5181999999999998	0.3080423398657896	0.3428423239766494	0.9965694682675815	0.0	0.003430531732418525	0.0
2y4g	998	0.02886319739478958	0.07114485	2.119705410821643	4.998949999999999	0.7917263804362299	0.94543088032491	0.9959919839679359	0.0	0.004008016032064128	0.0
2yun	78	0.0005201410256410257	0.0011835499999999996	0.042666666666666665	0.10314999999999999	0.14467460953604716	0.8837689331497438	1.0	0.0	0.0	0.0
2zpt	287	0.021789108013937283	0.06238509999999998	1.3519128919860628	3.4688	0.873175215683927	0.965558531104996	1.0	0.0	0.0	0.0
3aq6	232	0.027800426724137926	0.06487269999999999	2.432620689655172	6.026699999999998	0.6624087622283847	0.9344734755347991	0.9913793103448276	0.0	0.008620689655172414	0.0
3awp	406	0.020616467980295566	0.050626	1.3477807881773398	3.3890000000000002	0.849179435455274	0.9654344621945372	1.0	0.0	0.0	0.0
3bhq	402	0.015526771144278606	0.03626795	1.4233606965174128	3.4308499999999995	0.5455882996862746	0.9459368752806755	1.0	0.0	0.0	0.0
3cj2	1110	0.025710955855855856	0.06266079999999999	1.8892162162162165	4.37745	0.7649595062464387	0.9552291890804823	1.0	0.0	0.0	0.0
3dan	472	0.005809531779661017	0.014503049999999998	0.520957627118644	1.3037499999999997	0.7466436172492164	0.9691411419355084	1.0	0.0	0.0	0.0
3dky	1151	0.023215350130321458	0.062003	1.6421676802780192	4.247	0.8991629590755271	0.9662034620462453	0.998262380538662	0.0	0.0017376194613379669	0.0
3dsw	633	0.025566394944707745	0.060661999999999994	1.7466635071090046	4.1088	0.9231802907854986	0.8902987503374996	0.9826224328593997	0.00631911532385466	0.011058451816745656	0.0
3dz6	289	0.007915920415224913	0.019079999999999965	1.0898096885813149	2.6777999999999977	0.747246893569426	0.9876796840564273	1.0	0.0	0.0	0.0
3e42	483	0.022110128364389234	0.05420759999999998	1.4769834368530022	3.4569999999999994	0.9171419420836926	0.9806542709752455	1.0	0.0	0.0	0.0
3ea3	590	0.006226896610169491	0.017070699999999994	0.5636440677966101	1.439549999999999	0.7987364759639933	0.9795025889535978	1.0	0.0	0.0	0.0
3ejo	579	0.02399273402417962	0.06522480000000001	1.5984386873920553	4.0168	0.9190407259428284	0.9823960923315969	1.0	0.0	0.0	0.0
3epx	642	0.023190380062305296	0.05888354999999997	1.5299221183800624	3.599849999999998	0.8947377430646005	0.9758731641320534	1.0	0.0	0.0	0.0
3eu1	568	0.036442249999999995	0.09077089999999997	2.5081531690140846	5.928299999999998	0.8957428365530545	0.9216794035713315	0.9876760563380281	0.0	0.01232394366197183	0.0
3g50	343	0.021129469387755104	0.0474665	1.7433790087463559	3.7789999999999973	0.6781527292898665	0.9238770460384103	1.0	0.0	0.0	0.0
3g73	183	0.024352153005464477	0.06837610000000002	1.6093224043715848	4.1533	0.8877729529335454	0.9775545869371376	1.0	0.0	0.0	0.0
3g9y	28	0.02204032142857143	0.044096199999999995	1.527464285714286	2.9271499999999993	0.6756323026038101	0.9539588318914711	1.0	0.0	0.0	0.0
3gkv	286	0.010576377622377621	0.02300875	1.4521048951048952	3.767	0.6701875803809293	0.9717461319406578	1.0	0.0	0.0	0.0
3gp1	250	0.023634736000000003	0.055083249999999986	1.681172	3.80695	0.7812383880535443	0.9525784334529273	1.0	0.0	0.0	0.0
3h8o	205	0.025628321951219515	0.0575124	1.6356	3.7811999999999966	0.8748152094458579	0.9601547941258483	1.0	0.0	0.0	0.0
3hpo	579	0.02056289982728843	0.05866650000000003	1.3548031088082901	3.3494000000000015	0.8960973527702843	0.975914382444825	1.0	0.0	0.0	0.0
3hs5	1101	0.02182116348773842	0.054239	1.5937375113533152	3.573	0.4149541327695237	0.5413247778713468	0.9954586739327884	0.0018165304268846503	0.0027247956403269754	0.0
3it3	669	0.021239011958146484	0.060900000000000024	1.343306427503737	3.787	0.9444250654758715	0.9822959693624512	0.9985052316890882	0.0	0.0014947683109118087	0.0
3ke6	694	0.02673363688760807	0.06877350000000002	1.912841498559078	4.7784	0.9095638943548043	0.9516506250169909	0.9956772334293948	0.0	0.004322766570605188	0.0
3kxt	55	0.03290178181818181	0.0770628	1.8594181818181816	4.648899999999999	0.8169253936076682	0.9793320672535322	1.0	0.0	0.0	0.0
3l34	957	0.014624262277951931	0.03685499999999997	0.9772058516196447	2.3069999999999995	0.8527035017091498	0.974685355361851	1.0	0.0	0.0	0.0
3mep	531	0.006415813559322034	0.0147605	0.6443352165725047	1.5685	0.7151334334398299	0.9702347354118543	1.0	0.0	0.0	0.0
3mpy	95	0.030673473684210525	0.0715275	2.4515157894736843	5.564899999999999	0.785802678398328	0.9325842990168808	0.9789473684210527	0.0	0.021052631578947368	0.0
3n64	814	0.024239131449631447	0.0628237	1.7018845208845206	4.141599999999997	0.8347563605483622	0.9721653719258012	1.0	0.0	0.0	0.0
3nre	1160	0.027087216379310344	0.0657824	2.132871551724138	4.8530999999999995	0.6639916991318724	0.9381594496658211	0.9982758620689656	0.0	0.0017241379310344827	0.0
3o0v	249	0.025155417670682734	0.0645034	1.6252008032128513	4.3218000000000005	0.9544201826404414	0.9895257967505097	1.0	0.0	0.0	0.0
3obu	148	0.00552370945945946	0.016494150000000006	0.5506081081081081	1.3769500000000001	0.7622376741808548	0.98335915009722	1.0	0.0	0.0	0.0
3oec	1088	0.027375712316176467	0.06839399999999997	2.0823731617647057	4.832599999999999	0.7580678015179293	0.8995590661771151	0.9963235294117647	0.0	0.003676470588235294	0.0
3pe2	326	0.020772417177914112	0.050435999999999995	1.387245398773006	3.39125	0.9035478589713727	0.9832679608942043	1.0	0.0	0.0	0.0
3pgv	1023	0.01747610557184751	0.0438135	1.7013782991202346	3.9159999999999995	0.4913453947642059	0.9068244681890238	1.0	0.0	0.0	0.0
3pja	2563	0.016616343347639485	0.04335290000000002	1.0668895825204838	2.6738	0.9268866444509525	0.9830000875813766	1.0	0.0	0.0	0.0
3pyf	295	0.028683179661016946	0.07459840000000004	2.497216949152542	5.524900000000001	0.6211202746518162	0.9107806231423502	0.9898305084745763	0.0	0.010169491525423728	0.0
3qc3	448	0.019426388392857142	0.04475764999999996	1.6204508928571428	3.775	0.7369158491984641	0.9614779483306396	1.0	0.0	0.0	0.0
3rak	274	0.0077482262773722645	0.02042995	0.7324671532846714	1.8636499999999994	0.7308327071193188	0.9684328044449892	1.0	0.0	0.0	0.0
3s2o	375	0.02975259466666667	0.07514230000000002	2.0689013333333333	5.188500000000001	0.8663190982260558	0.9640147781742681	1.0	0.0	0.0	0.0
3sef	1043	0.0025627823585810164	0.006070499999999999	0.37948130393096835	0.9896999999999999	0.7685206414239552	0.9848467066147893	1.0	0.0	0.0	0.0
3st2	688	0.026494607558139538	0.06968784999999998	1.7304563953488374	4.4273	0.893426210204924	0.9702365746565712	0.997093023255814	0.0	0.0029069767441860465	0.0
3t6z	1482	0.028340432523616732	0.07186780000000001	1.957580971659919	4.940300000000001	0.8899632493300484	0.961610291368553	0.9993252361673415	0.0	0.0006747638326585695	0.0
3tvo	256	0.02454071484375	0.06802975	1.63173046875	4.149	0.9155165085978406	0.9743106285279467	1.0	0.0	0.0	0.0
3u32	367	0.017446558583106266	0.04579389999999999	1.2019318801089918	3.1115999999999997	0.8065959667852975	0.9748017720545034	1.0	0.0	0.0	0.0
3u8f	245	0.019076885714285716	0.05112759999999998	1.2140081632653061	3.3399999999999967	0.9259364929008866	0.9867645534307539	1.0	0.0	0.0	0.0
3uvy	117	0.027100547008547003	0.07599099999999998	2.3387777777777776	4.479799999999996	0.8181236956748293	0.9840706570160221	0.9743589743589743	0.017094017094017096	0.008547008547008548	0.0
3vld	912	0.01853930263157895	0.04856124999999998	1.4143223684210526	3.2656999999999994	0.7460521377159977	0.9593834074492602	1.0	0.0	0.0	0.0
3wal	114	0.029692508771929825	0.07135649999999996	2.2962894736842103	4.82485	0.6405065912098461	0.9371119173449319	1.0	0.0	0.0	0.0
3wt1	966	0.025696922360248446	0.065915	2.0076563146997928	5.15575	0.7340199121562876	0.9350169529535501	0.9989648033126294	0.0	0.0010351966873706005	0.0
3zre	164	0.03420798170731707	0.0765198	2.4936707317073172	6.174949999999999	0.8622549745693608	0.950927136941114	0.9817073170731707	0.0	0.018292682926829267	0.0
4a90	259	0.037395324324324325	0.0925178	2.57380694980695	6.400799999999999	0.76765556213287	0.9679866508162587	0.972972972972973	0.0	0.02702702702702703	0.0
4ahe	119	0.025569798319327732	0.06304979999999999	1.7506974789915966	3.7933	0.9111135639404446	0.9538048281459484	0.9915966386554622	0.0	0.008403361344537815	0.0
4awt	363	0.025843011019283744	0.06937069999999994	1.6652561983471077	3.7812999999999986	0.6929987821721156	0.8688690551339497	1.0	0.0	0.0	0.0
4bhx	180	0.024701027777777777	0.06471119999999994	2.0537	4.212649999999996	0.6002735770690881	0.908915665067261	0.9944444444444445	0.0	0.005555555555555556	0.0
4e30	404	0.02695524257425743	0.06375714999999998	1.8161707920792078	4.321549999999996	0.760341439065527	0.9455152799852677	1.0	0.0	0.0	0.0
4ff5	225	0.023946208888888893	0.06491359999999996	1.5831111111111114	4.055999999999997	0.8809765437502698	0.967324063921017	0.9955555555555555	0.0	0.0044444444444444444	0.0
4gd8	264	0.026947734848484846	0.06729385	2.4473522727272727	4.7931	0.12669475177630518	0.211551191074259	0.9886363636363636	0.0	0.011363636363636364	0.0
4h3x	326	0.023964036809815948	0.06420624999999999	1.5682392638036808	4.0685	0.9138353075496135	0.9816319560213641	1.0	0.0	0.0	0.0
4he4	458	0.030499008733624454	0.06840079999999998	2.0998013100436683	4.836849999999999	0.8002493036138835	0.9480615247147967	0.9934497816593887	0.0	0.006550218340611353	0.0
4hn3	1317	0.021604627182991647	0.0564674	1.4306469248291573	3.5516	0.9031852171905627	0.9802593855104764	1.0	0.0	0.0	0.0
4hyf	678	0.01806808702064897	0.04504609999999999	1.130570796460177	2.79215	0.9676077567143043	0.9914537493582151	1.0	0.0	0.0	0.0
4i4p	290	0.02563813103448276	0.06854505000000001	1.5542103448275861	3.6621000000000006	0.9011462678952753	0.9632851457146423	1.0	0.0	0.0	0.0
4j1f	373	0.033863734584450404	0.08632939999999997	2.4793485254691685	5.902599999999997	0.801599069215997	0.9445976708428006	0.9919571045576407	0.0	0.00804289544235925	0.0
4jd2	1996	0.02417773947895792	0.061710249999999994	1.6057364729458916	4.109500000000001	0.9310511820027959	0.9718213881159184	0.9974949899799599	0.0	0.00250501002004008	0.0
4jo3	894	0.02477477181208054	0.06438514999999992	5.353527964205816	24.052	0.0923797065228846	0.737478736893555	0.9384787472035794	0.021252796420581657	0.040268456375838924	0.0
4kd6	213	0.029340164319248827	0.07937119999999999	2.4956525821596243	5.845599999999997	0.6673053291066126	0.9461428069579333	0.9859154929577465	0.0	0.014084507042253521	0.0
4kxx	620	0.025708559677419352	0.06680264999999999	1.7170080645161292	3.8265999999999973	0.7121081270035232	0.8817127914820736	0.9983870967741936	0.0	0.0016129032258064516	0.0
4mqc	285	0.01929350175438596	0.0411624	1.2620701754385966	2.7004000000000006	0.8764927388892553	0.974476648072146	1.0	0.0	0.0	0.0
4mtz	305	0.024454147540983608	0.06168360000000002	1.6782426229508198	3.7632000000000008	0.8114618532678799	0.9597388470769835	1.0	0.0	0.0	0.0
4mu4	198	0.026474727272727275	0.06983699999999998	1.7303484848484851	4.394099999999997	0.7924109325532348	0.9435035959189786	1.0	0.0	0.0	0.0
4mx1	267	0.02804189513108614	0.0647909	2.3822771535580523	5.551399999999999	0.5865110073423884	0.8741325962622064	0.9962546816479401	0.0	0.003745318352059925	0.0
4nwq	267	0.010607632958801499	0.0292897	0.6660411985018726	1.8302999999999996	0.9720531350723728	0.9927615394768038	1.0	0.0	0.0	0.0
4om3	463	0.013047952483801296	0.03483909999999999	0.8012267818574513	1.9851999999999994	0.9120166477049857	0.9788182150639206	1.0	0.0	0.0	0.0
4p39	271	0.011969549815498155	0.0332	0.7678339483394835	2.017	0.9304935160568785	0.9923367075193645	1.0	0.0	0.0	0.0
4pcf	703	0.025426580369843528	0.0662852	2.746597439544808	4.831099999999999	0.19765633946606884	0.17411840057312206	0.9815078236130867	0.0	0.01849217638691323	0.0
4ph3	228	0.011576026315789472	0.026768949999999948	1.232105263157895	2.9540999999999964	0.49169735589151053	0.9259198742325511	1.0	0.0	0.0	0.0
4pjs	174	0.018186172413793108	0.0531623	1.1796551724137931	3.5027499999999985	0.8730188269734783	0.9626010041442693	1.0	0.0	0.0	0.0
4pt4	194	0.02489989690721649	0.0667685	1.7725051546391752	4.2719	0.7884817233444787	0.9512035980637225	1.0	0.0	0.0	0.0
4r04	1791	0.016785339475153545	0.042804999999999996	1.056074260189838	2.654	0.9630847136203814	0.9845508304056171	1.0	0.0	0.0	0.0
4rf1	391	0.013940005115089514	0.0359395	0.8968797953964196	2.2685	0.9494180968458178	0.9925559868879809	1.0	0.0	0.0	0.0
4rkq	1085	0.025910964055299537	0.06378139999999999	1.9916000000000005	4.667399999999999	0.7289248635577326	0.9388256639619339	0.9990783410138249	0.0	0.0009216589861751152	0.0
4xbx	585	0.022851487179487182	0.06081459999999999	1.452377777777778	3.571599999999999	0.9185265788551468	0.9769214163076875	1.0	0.0	0.0	0.0
4xe7	418	0.02461138038277512	0.06589424999999997	1.616748803827751	4.1052	0.9004089999729702	0.94840374916116	0.9976076555023924	0.0	0.0023923444976076554	0.0
4z0s	484	0.02407474173553719	0.057398599999999994	1.558853305785124	3.6880499999999996	0.9094372095023191	0.9761024298482563	1.0	0.0	0.0	0.0
5e3t	298	0.032013338926174494	0.07730695	2.166144295302013	5.029899999999999	0.8800703594866985	0.9630031514558292	0.9832214765100671	0.0	0.016778523489932886	0.0
5eps	112	0.019369321428571427	0.04580579999999999	1.3234464285714285	2.9783999999999997	0.8454952788389524	0.9792975456643803	1.0	0.0	0.0	0.0
5h76	588	0.020368545918367346	0.0457118	1.3738350340136054	3.4218999999999986	0.7892840796624709	0.9651232409205647	1.0	0.0	0.0	0.0
5hbr	1382	0.03151706729377714	0.08498855000000001	1.8275528219971056	4.875250000000003	0.9058035725833881	0.9755332141795593	0.9971056439942113	0.0	0.002894356005788712	0.0
5iqd	1176	0.02446311989795918	0.061263	1.9073188775510204	4.4517500000000005	0.691120176306	0.9256373982072024	0.9965986394557823	0.0	0.003401360544217687	0.0
5j5c	356	0.023299415730337083	0.06581100000000001	1.5285224719101123	4.13625	0.9492440702707231	0.9843247015009047	1.0	0.0	0.0	0.0
5jrj	302	0.025481228476821192	0.06810945	1.8674735099337747	4.428749999999999	0.7712955071311487	0.9390598414455363	1.0	0.0	0.0	0.0
5k8p	3372	0.024826599347568208	0.06645734999999998	1.6210252075919336	4.191	0.9207952824929959	0.9715769847939568	0.9991103202846975	0.0	0.0008896797153024911	0.0
5lcp	371	0.031219654986522908	0.085894	1.7258409703504045	4.7145	0.8707820211068313	0.956178974570625	0.9946091644204852	0.0	0.005390835579514825	0.0
5lie	771	0.02334790012970169	0.0574495	1.6977276264591439	3.928	0.7167113620285844	0.9452782121846471	1.0	0.0	0.0	0.0
5mqi	342	0.03140473684210526	0.08152915	2.204020467836257	5.351049999999998	0.727289121803668	0.9574573748764359	0.9912280701754386	0.0	0.008771929824561403	0.0
5my5	249	0.027772746987951808	0.064789	2.5572449799196786	5.526799999999999	0.5722830199092552	0.9090206593581988	0.9959839357429718	0.0	0.004016064257028112	0.0
5nqf	328	0.015678564024390242	0.035559799999999996	1.436234756097561	3.4604	0.40170641317740025	0.8866591356061048	1.0	0.0	0.0	0.0
5o7y	355	0.026386121126760562	0.0664743	1.7888422535211268	4.0768	0.8301511510951626	0.9577583571659881	0.9971830985915493	0.0	0.0028169014084507044	0.0
5q3q	340	0.029459514705882348	0.07087225000000003	2.6279500000000002	5.905550000000001	0.5916305245879908	0.9241954520682586	0.9882352941176471	0.0	0.011764705882352941	0.0
5qbf	329	0.02537827051671732	0.0686796	1.6006626139817628	3.8792	0.9132616255836005	0.968509516724419	1.0	0.0	0.0	0.0
5s2h	332	0.01930414156626506	0.05314194999999999	1.6833192771084335	3.7091	0.4265301364131269	0.8894977873943212	1.0	0.0	0.0	0.0
5sgm	313	0.022525715654952077	0.0615678	1.7674057507987224	4.2636	0.7681145538494644	0.9589017526345407	1.0	0.0	0.0	0.0
5t6m	1536	0.025218629557291667	0.0649515	1.742091796875	4.297	0.830043727608084	0.9639359051113375	1.0	0.0	0.0	0.0
5trd	432	0.025610842592592595	0.0662473	1.706384259259259	4.01845	0.8959585599806144	0.9623007164976963	0.9976851851851852	0.0	0.0023148148148148147	0.0
5twg	195	0.024095400000000003	0.059527999999999984	1.7444615384615385	4.094699999999998	0.7787746630963104	0.9362110560033906	0.9897435897435898	0.0	0.010256410256410256	0.0
5u26	165	0.02576544848484848	0.06357919999999995	1.9762121212121215	4.2033999999999985	0.6853527272848866	0.9528817452041212	0.9878787878787879	0.0	0.012121212121212121	0.0
5ubl	716	0.025256508379888267	0.063931	1.6249776536312848	3.99875	0.8775964304112002	0.941555927828489	1.0	0.0	0.0	0.0
5x49	878	0.026242392938496586	0.06862584999999999	1.7776856492027335	4.16085	0.7988651443285489	0.9471607218612544	1.0	0.0	0.0	0.0
5xkx	379	0.025249556728232193	0.0647918	1.6047493403693933	3.9319999999999995	0.901378346921816	0.9623994691920619	0.9973614775725593	0.0	0.002638522427440633	0.0
5z7f	151	0.02522384105960265	0.054918	1.994556291390728	4.8375	0.6943509034100145	0.9283207943306103	0.9933774834437086	0.0	0.006622516556291391	0.0
5zfv	1127	0.03417535758651286	0.08441360000000005	2.3100993788819877	5.7982000000000005	0.8119284530409742	0.9361695084146806	0.9822537710736469	0.0	0.01774622892635315	0.0
6bf7	2735	0.03126473491773309	0.0774171	2.327216087751371	5.665399999999992	0.776770732279249	0.9501409964039855	0.9919561243144425	0.0	0.008043875685557587	0.0
6c1b	512	0.026252917968749998	0.06583689999999999	1.9432011718750002	4.525449999999999	0.8156050598595989	0.9540195217445351	0.99609375	0.0	0.00390625	0.0
6doe	135	0.03254664444444444	0.0723994	1.8528296296296298	4.438299999999999	0.7152667170802623	0.958151389170437	1.0	0.0	0.0	0.0
6dve	3096	0.017470682170542633	0.0441585	1.0864289405684755	2.7815000000000003	0.9624025303935531	0.9795873129116629	1.0	0.0	0.0	0.0
6eco	422	0.020567684834123228	0.047263799999999995	1.7481635071090045	4.3689	0.5856854861370339	0.9531977021950211	0.990521327014218	0.0	0.009478672985781991	0.0
6gdz	38	0.018231815789473683	0.038657649999999995	0.9398947368421051	2.1344999999999996	0.8445183485496767	0.8560447304259904	1.0	0.0	0.0	0.0
6h0w	329	0.025223844984802433	0.06493899999999997	1.6006048632218843	3.9703999999999935	0.8077191025637523	0.9336269067788082	1.0	0.0	0.0	0.0
6ifs	564	0.02903132269503546	0.07325110000000001	2.232487588652482	4.96425	0.782949807701733	0.902358461662199	0.9929078014184397	0.0	0.0070921985815602835	0.0
6k3i	4411	0.02653120199501247	0.06592899999999999	1.8474019496712764	4.426	0.8850928085561038	0.9582903601045545	0.9970528224892314	0.0	0.0029471775107685334	0.0
6muh	594	0.024787771043771046	0.06268175000000001	1.7072306397306398	4.424500000000002	0.8711843630945558	0.9517398687599381	0.9966329966329966	0.0	0.003367003367003367	0.0
6pgw	426	0.026874584507042252	0.0638855	2.1450211267605632	4.599	0.6415218883700567	0.9309376402020072	0.9976525821596244	0.0	0.002347417840375587	0.0
6prk	230	0.01222928695652174	0.024221199999999995	1.5146695652173912	3.817299999999999	0.5498873566530934	0.9660780934263598	1.0	0.0	0.0	0.0
6pzh	1018	0.025469253438113952	0.06377439999999997	16.79877701375246	88.474	0.10011142419317348	0.817884350613556	0.787819253438114	0.11394891944990176	0.09823182711198428	0.0
6q3t	495	0.02521658585858586	0.061314799999999975	1.9102222222222223	4.464799999999996	0.7307864387531726	0.9563467014538475	0.997979797979798	0.0	0.00202020202020202	0.0
6qxk	274	0.024547149635036496	0.061070449999999984	1.6762445255474452	3.7930499999999987	0.8323756972689819	0.9613893617411529	1.0	0.0	0.0	0.0
6qyx	337	0.02873259940652819	0.0684018	2.1437359050445104	5.2402	0.7963625430459946	0.9448150936799118	1.0	0.0	0.0	0.0
6rup	219	0.02832559817351598	0.0632532	1.8690547945205478	3.8615	0.8921862654874517	0.9595017462559614	0.9908675799086758	0.0	0.0091324200913242	0.0
6s9i	1959	0.028468314956610518	0.07506789999999999	1.8187850944359367	4.584199999999999	0.9550199722136683	0.9268700724775563	0.9908116385911179	0.0	0.009188361408882083	0.0
6t7a	837	0.0233063082437276	0.056691599999999995	1.5657084826762246	3.7673999999999985	0.8199546562441921	0.9359810191773338	0.998805256869773	0.0	0.0011947431302270011	0.0
6tbc	2062	0.024761434044616875	0.07119464999999998	1.7150572259941803	4.3619999999999965	0.8505990937301807	0.9665372192400405	0.9961202715809894	0.0	0.0038797284190106693	0.0
6tom	130	0.01421843076923077	0.034734749999999995	1.3211307692307694	2.78285	0.39078442260433943	0.9292050599923823	1.0	0.0	0.0	0.0
6ufd	257	0.030089521400778207	0.07725579999999999	2.2894085603112844	4.7212	0.5540914422226043	0.9048223626654579	1.0	0.0	0.0	0.0
6uuj	1953	0.02542840706605223	0.06617699999999999	1.3609431643625192	3.5991999999999984	0.984063393553931	0.9741936422152938	1.0	0.0	0.0	0.0
6x27	2225	0.022348617528089885	0.05487759999999993	1.6406701123595506	4.152	0.7961057018592615	0.9608000098787397	1.0	0.0	0.0	0.0
6z9x	764	0.040940642670157075	0.09449420000000001	3.344502617801047	7.4117000000000015	0.660791819653583	0.9278433080681346	0.9594240837696335	0.0	0.04057591623036649	0.0
7bwe	63	0.000492063492063492	0.0012106	0.041714285714285704	0.08059999999999999	0.29513835119424053	0.8474672887796754	1.0	0.0	0.0	0.0
7kbj	1869	0.025091840021401822	0.06423419999999999	1.7259892990904226	4.282399999999996	0.8678759417489318	0.9577054326358578	0.9994649545211343	0.0	0.0005350454788657035	0.0
8bpm	364	0.030123258241758242	0.0847243499999999	1.9186098901098902	5.343599999999995	0.9159677736935714	0.9760218326993385	0.9972527472527473	0.0	0.0027472527472527475	0.0
8pr7	764	0.03031605235602094	0.08320555000000002	2.234082460732984	5.500800000000001	0.8039114147194938	0.9501534438995003	0.9960732984293194	0.0	0.003926701570680628	0.0
8y08	2442	0.023813170761670763	0.06038769999999999	1.5498288288288289	3.8727999999999994	0.9228597910580917	0.9718326479351823	0.9983619983619983	0.0	0.001638001638001638	0.0
9g2k	1119	0.0278308436103664	0.07379069999999999	1.6189588918677391	4.157699999999998	0.9631101141852288	0.9676184371300898	1.0	0.0	0.0	0.0
9l47	729	0.017563318244170095	0.0429676	1.0857805212620026	2.6312	0.969327783085776	0.9823770621540768	1.0	0.0	0.0	0.0
