protein,R,mu_deg,frac_pos,frac_neg,entropy,n_angles
1AWP,0.3560504581184142,118.3511779342907,0.6547619047619048,0.34523809523809523,3.5952733398185974,168
1BCP,0.23687096550981288,-161.41821187532665,0.44299674267100975,0.5570032573289903,4.206831947163841,1842
1BFN,0.2857635869661843,121.92308575303963,0.610655737704918,0.389344262295082,3.3880529341479337,488
1BQN,0.25887541883073134,141.35164086929007,0.573170731707317,0.426829268292683,4.19462587847088,984
1BTY,0.32549987125260815,-134.19717418436554,0.3574660633484163,0.6425339366515836,4.042993287093312,221
1C1U,0.24504845234747044,-155.28176479353556,0.4219858156028369,0.5780141843971631,4.041727708279725,282
1CT5,0.4037223762120205,110.10901101551345,0.6801801801801802,0.3198198198198198,3.268616488978196,222
1CTX,0.25883072728439604,-152.88408622545944,0.42028985507246375,0.5797101449275363,4.435685008006856,69
1CW8,0.4480911555607592,-106.62921979611545,0.2857142857142857,0.7142857142857143,2.5216406363433186,7
1DHJ,0.27510353782335295,-162.9689996103203,0.4267515923566879,0.5732484076433121,3.927960394029402,314
1DKT,0.2393761411863059,-158.45525393067905,0.43884892086330934,0.5611510791366907,4.025191428642506,139
1DP0,0.2845727507302421,-156.01526994452823,0.4090683845391477,0.5909316154608524,4.100320228711006,4036
1FF1,0.42544711385392814,100.15955276641513,0.711340206185567,0.28865979381443296,3.5152022556752582,97
1FPK,0.3029686803690779,131.0639919439333,0.6055194805194806,0.39448051948051943,3.913664674999602,616
1G1W,0.6417039264883204,103.38012259478273,0.80625,0.19374999999999998,2.7598647263846106,160
1GP8,0.7673923280638808,99.4490054445508,0.8947368421052632,0.10526315789473684,2.504379003219085,38
1J0J,0.25107501743078536,143.02207979505633,0.5665529010238908,0.4334470989761092,4.06685684988507,1172
1J5S,0.48826084200409664,107.41503142742287,0.729368029739777,0.270631970260223,3.40623031990697,1345
1JOY,0.8909679571835845,92.34926408074367,0.9692307692307692,0.03076923076923077,2.9855996768595547,130
1JPI,0.42827178373661673,111.58203240009031,0.6901408450704225,0.3098591549295775,3.3912484309557858,355
1JTF,0.2587884591856337,136.40986616960987,0.578397212543554,0.42160278745644597,3.763488099330698,287
1JWT,0.23065260080864444,-157.54525500644485,0.4329896907216495,0.5670103092783505,4.221984714275537,291
1KA0,0.3323767812452998,123.21219309830987,0.6239316239316239,0.37606837606837606,3.5198370734355438,351
1KDF,0.35316248454385907,-130.22916596006723,0.3333333333333333,0.6666666666666667,3.4529494714840627,63
1KR2,0.3507503102043399,118.17972469483963,0.6484318016046682,0.3515681983953318,3.4123910343146786,1371
1LEE,0.30979707700662185,-150.16466936897,0.3890577507598784,0.6109422492401215,4.027790293505836,329
1LRT,0.28085247107460065,133.5884523798065,0.5843465045592705,0.4156534954407295,3.7200442888166436,1316
1LV0,0.2759819519269292,140.05888204691985,0.5730858468677494,0.42691415313225056,3.7340230466706466,431
1M7X,0.20123601158176882,145.4053527698472,0.5469493725659887,0.45305062743401125,4.031821592697618,2311
1MSN,0.5494630133079009,-131.30047363825895,0.24742268041237114,0.7525773195876289,3.822916778762455,194
1MZV,0.20092155025219316,163.89754017232096,0.5093457943925234,0.49065420560747663,3.6678951755249907,214
1NVG,0.20683545303662204,149.44586510950703,0.5391304347826087,0.4608695652173913,3.827819424651036,345
1O4B,0.22347484978671936,165.54960293362817,0.5096153846153846,0.4903846153846154,3.867125634530678,104
1OH3,0.4293680572110434,-133.2261778578551,0.3057553956834532,0.6942446043165468,4.010398390465782,278
1OQM,0.257122601760187,131.02565200761006,0.5869565217391305,0.4130434782608695,3.761960361361004,782
1P98,0.26535712801732114,153.11457014510708,0.5526315789473685,0.4473684210526315,3.7912291546282963,76
1PKT,0.21667449292781032,173.08924852574344,0.5135135135135135,0.4864864864864865,4.069780563118069,74
1PXX,0.38169040966546064,109.77449834267232,0.6748522055479763,0.3251477944520237,3.578375950313011,2199
1QHG,0.45178965505632257,109.73566609270907,0.7068403908794788,0.2931596091205212,3.45952454404963,614
1S44,0.2749542060859478,-167.59063283800452,0.4410112359550562,0.5589887640449438,3.9278957684567417,356
1S4I,0.3026573455329394,-130.9936415108542,0.36180904522613067,0.6381909547738693,4.059399435383277,597
1SPR,0.23165849782367487,-172.4103131576937,0.4691358024691358,0.5308641975308642,4.100482532258386,405
1THC,0.37639976941666375,-148.75876198983042,0.37554585152838427,0.6244541484716157,4.025380108385742,229
1TSN,0.23856066474648657,138.30000313921903,0.5648854961832062,0.43511450381679384,3.6561852410522317,262
1UQU,0.3871633580650089,117.16506906535662,0.6618141097424413,0.33818589025755874,3.4406966355138477,893
1VB9,0.24956358520722655,144.00413758672633,0.5608919382504288,0.4391080617495712,3.898006019754583,1166
1VE6,0.26126322743488284,-166.79581136347875,0.44405594405594406,0.5559440559440559,4.00870467840479,1144
1VF6,0.8885555103833253,97.06903037351904,0.9473684210526315,0.052631578947368474,1.795623574626767,209
1VJI,0.21058059956357078,133.85935462785284,0.5619596541786743,0.43804034582132567,3.656242799065249,347
1X1Z,0.4189388621761396,110.71386407553375,0.6901408450704225,0.3098591549295775,3.23200151232871,426
1XI9,0.3512784250977296,118.50001973192676,0.6419753086419753,0.3580246913580247,3.4395898154124214,1539
1XK8,0.2806059193774001,165.68991585974862,0.508716323296355,0.49128367670364503,3.4278955167071636,631
1Y3X,0.30302307131542433,-138.44645337182226,0.37104072398190047,0.6289592760180995,4.011203467211297,221
1Y4C,0.4768136895769797,108.70388487789654,0.7163865546218487,0.28361344537815125,3.139024259914501,476
1YGW,0.18292238932242574,159.11115458044435,0.5196078431372549,0.48039215686274506,4.1209730755632865,102
1YQ3,0.35851173168093076,115.1168164532115,0.6528925619834711,0.3471074380165289,3.544187455537235,1089
1YR3,0.22682184000587627,142.14126989529825,0.5633456334563346,0.4366543665436654,3.923457159666883,1626
1YVZ,0.3581065797040399,117.03180833160218,0.6501831501831502,0.3498168498168498,3.5179107702754964,546
1Z6A,0.40488158621493897,109.1067338283457,0.6932773109243697,0.3067226890756303,3.965828915576858,476
1ZAQ,0.18408686016547277,125.92809539986312,0.5714285714285714,0.4285714285714286,3.8691229358493056,42
1ZBU,0.1864945919133482,156.04229638115777,0.5191313340227508,0.4808686659772492,3.7086820260780464,967
1ZEJ,0.44568953810642775,109.95312835210326,0.7035714285714286,0.2964285714285714,3.1480565194371417,280
1ZRM,0.39421501972532597,112.59943577482376,0.6697247706422018,0.3302752293577982,3.2368356568730396,218
1ZX6,0.5060838736779584,-124.72811253173998,0.24074074074074073,0.7592592592592593,3.797785477785501,54
2A8I,0.29128548448115943,153.3539681393926,0.5368421052631579,0.4631578947368421,3.862612519211126,665
2AD5,0.34458309173792584,126.63313382538908,0.6271186440677966,0.3728813559322034,3.8256183894831173,1062
2AST,0.30824200909856836,117.28922477034412,0.6292134831460674,0.3707865168539326,3.7337861631821845,534
2BRC,0.34073138587382545,123.85138130826681,0.6273584905660378,0.37264150943396224,3.6199165354580316,212
2CAV,0.3365778819744907,-142.4326607414152,0.3588235294117647,0.6411764705882352,4.047725525531396,340
2CD9,0.24815231750576108,139.38175269734325,0.5684357541899442,0.4315642458100558,3.78245473621457,716
2CMC,0.3361266329892435,123.46201084523787,0.6254416961130742,0.3745583038869258,3.527409504818367,283
2CXN,0.4923417887968882,106.71909243199815,0.7342342342342343,0.2657657657657657,3.2314406029195983,1110
2DGN,0.2963209090008378,122.1033825165945,0.6130536130536131,0.38694638694638694,3.7090258971168324,429
2DI0,0.41683251802251503,99.65614327838097,0.7101449275362319,0.28985507246376807,3.1843545419668247,69
2ERW,0.12480920652305844,179.51586236413488,0.49019607843137253,0.5098039215686274,3.6965791464713322,51
2F1G,0.22956979672269062,148.5962349617359,0.5404157043879908,0.4595842956120092,3.940322606872904,433
2FYP,0.40628769268405307,120.35265513192748,0.6622807017543859,0.3377192982456141,3.6065921579852143,456
2H90,0.3156934275622614,121.65406853523707,0.6218487394957983,0.37815126050420167,3.513327359988323,357
2I5G,0.3676474570643439,111.57057624275464,0.6640866873065016,0.33591331269349844,3.7870494792094025,646
2I65,0.37074691853111147,115.10098877802628,0.6619718309859155,0.3380281690140845,3.5040865171216997,497
2INE,0.28750599174650343,124.31731681460201,0.6089743589743589,0.3910256410256411,3.52294873574775,312
2JI8,0.30108960066652285,122.11088006763791,0.6201620162016201,0.37983798379837985,3.552922978193131,1111
2K28,0.24245130344804652,163.35297105513038,0.5172413793103449,0.48275862068965514,3.839025222790932,58
2LHB,0.7459699437640901,98.5933082704401,0.8707482993197279,0.12925170068027214,2.4605033051841194,147
2LJE,0.7667766164153432,89.8972480583724,0.8888888888888888,0.11111111111111116,2.9889821967054377,45
2LK2,0.49262261767243865,95.78953931399026,0.7471264367816092,0.25287356321839083,3.077167446795425,87
2LNV,0.13048799197225844,-172.71899027665654,0.49019607843137253,0.5098039215686274,4.052889802116956,102
2NVN,0.3070002411801608,159.22589087949277,0.5210084033613446,0.4789915966386554,3.6670713101190953,119
2OAE,0.21832739260844988,178.06265607987888,0.4876373626373626,0.5123626373626373,4.203527905403871,1456
2OIG,0.6730417168122104,99.8239759918541,0.845360824742268,0.15463917525773196,3.457942296553801,388
2OWO,0.2588881852755163,135.05770791421017,0.5753424657534246,0.4246575342465754,3.710266984251214,584
2OXL,0.746472666869043,100.04124316622072,0.8666666666666667,0.1333333333333333,1.7589979290362519,120
2PDP,0.300682741785174,124.90803256933484,0.6134185303514377,0.3865814696485623,3.5682003369762008,313
2PL9,0.4171133117252097,114.01497588454562,0.6817102137767221,0.31828978622327786,3.4326965869591635,421
2QCG,0.3928696911334206,114.45610227461064,0.66796875,0.33203125,3.652156104594096,512
2QJV,0.38423489420894735,-139.71776149997953,0.34099616858237547,0.6590038314176245,4.025415729751906,522
2QOH,0.2651217391731345,129.56143057818537,0.5974264705882353,0.4025735294117647,3.5972253236447336,544
2R15,0.4212616408730841,-142.6421618907983,0.33414634146341465,0.6658536585365853,3.895520715596459,410
2R5N,0.44406610548403075,111.99591048519845,0.7011320754716981,0.2988679245283019,3.379547125108766,1325
2R9I,0.8493809217760203,98.15096832574459,0.9285714285714286,0.0714285714285714,1.895184462661803,70
2VJA,0.2681151975474601,127.37779983536973,0.5910815939278937,0.4089184060721063,3.780451970139083,1054
2WWJ,0.23135207841513,165.23493839916358,0.5108853410740203,0.4891146589259797,3.9726494320502943,689
2X23,0.3895576630858207,116.95216342755604,0.6644736842105263,0.3355263157894737,3.502688074630301,1064
2Y03,0.8493776822901564,96.89132358894426,0.9275862068965517,0.07241379310344831,2.3714377386194716,580
2Y4G,0.2672530539580456,133.40207816770453,0.5783132530120482,0.42168674698795183,3.7794196643424542,996
2YUN,0.32122553562924366,-141.55703316640307,0.37662337662337664,0.6233766233766234,4.074276561229713,77
2ZPT,0.3532382227178337,113.70963191925165,0.6538461538461539,0.34615384615384615,3.2832028126224446,286
3AQ6,0.6082075052808157,97.36466571679489,0.808695652173913,0.19130434782608696,2.69092599752409,230
3AWP,0.4645534590253064,107.6740531901626,0.7135802469135802,0.28641975308641976,3.2597276185789927,405
3BHQ,0.8158136793414429,97.10281978050014,0.905,0.09499999999999997,2.0619557628650544,400
3CJ2,0.3316827552799848,119.91679347719794,0.6311030741410488,0.3688969258589512,3.4434764694757907,1106
3DAN,0.49516468182407347,106.8060723596205,0.7303609341825902,0.2696390658174098,3.3180202024926384,471
3DKY,0.3748512670868246,115.46497065110056,0.6652059596844873,0.33479404031551274,3.6669008085268406,1141
3DSW,0.6312022643727604,101.97315501721238,0.8073248407643312,0.1926751592356688,2.718704661826591,628
3DZ6,0.3064283252204279,-177.51701197009936,0.45422535211267606,0.545774647887324,3.797992121648821,284
3E42,0.4196148064958869,112.78324524620697,0.6882845188284519,0.3117154811715481,3.7631211097676065,478
3EA3,0.2465942170686248,130.6161643933361,0.5799319727891157,0.4200680272108843,3.662912542321018,588
3EJO,0.35455850954625434,128.50725811658845,0.6173913043478261,0.3826086956521739,3.561566888186491,575
3EPX,0.3803961757625434,115.63473447345457,0.6661442006269592,0.3338557993730408,3.436420345329479,638
3EU1,0.8137949892588027,97.75575306182766,0.9219858156028369,0.07801418439716312,3.136412193549299,564
3G50,0.8508192851318725,98.60853065659992,0.9264705882352942,0.07352941176470584,2.0640705603892275,340
3G73,0.34656382290377563,116.27429605191972,0.6519337016574586,0.34806629834254144,3.449517412743208,181
3G9Y,0.1293223418332385,-134.11264347116574,0.4444444444444444,0.5555555555555556,3.278061465832831,27
3GKV,0.8108157188990212,97.19976353423576,0.9084507042253521,0.09154929577464788,2.2482338686682795,284
3GP1,0.19144710988330518,147.21654881587142,0.5362903225806451,0.46370967741935487,3.582881372897033,248
3H8O,0.36028218613493596,-140.97671554588138,0.3431372549019608,0.6568627450980392,3.871623098057529,204
3HPO,0.46463078654309736,110.7650054814904,0.7041522491349481,0.2958477508650519,3.295153999109355,578
3HS5,0.3750299118480756,111.2577275380617,0.6678798908098271,0.3321201091901729,3.3927120875826233,1099
3IT3,0.2456485640972628,125.91209419136509,0.5855855855855856,0.4144144144144144,3.372105142498193,666
3KE6,0.25201389893274173,166.14213724077948,0.50509461426492,0.49490538573508003,3.769187138751057,687
3KXT,0.5827067636484475,-118.36835095762184,0.2037037037037037,0.7962962962962963,3.6820697356468544,54
3L34,0.8810948362963119,97.86592271752556,0.9378292939936775,0.06217070600632246,1.764805532468811,949
3MEP,0.4722519749340541,-136.92013611422252,0.2897727272727273,0.7102272727272727,4.1867106283870825,528
3MPY,0.40725543864473224,128.53293659208646,0.648936170212766,0.35106382978723405,3.7009340425754464,94
3N64,0.26004964352856497,130.30610295529723,0.5851851851851851,0.41481481481481486,3.5473301882041164,810
3NRE,0.42274716311153876,-137.5191723874296,0.31920415224913495,0.6807958477508651,4.035146971884225,1156
3O0V,0.25190091078869975,-169.86017051219912,0.4574898785425101,0.5425101214574899,4.0560855291907485,247
3OBU,0.23511806531851154,167.2213348296506,0.503448275862069,0.496551724137931,3.6449842420468146,145
3OEC,0.41944958060158327,116.67319607220128,0.6768518518518518,0.3231481481481482,3.4711348327068694,1080
3PE2,0.2754888962221494,127.61348224263864,0.5969230769230769,0.4030769230769231,3.6124413831518822,325
3PGV,0.24116569940643282,146.31976689699835,0.5507389162561577,0.4492610837438423,3.5929809006161917,1015
3PJA,0.7598296019460998,99.68107155628866,0.8799685163321527,0.12003148366784733,2.6248534911525057,2541
3PYF,0.2642818797070542,149.6247095233397,0.54421768707483,0.45578231292517,3.6633375966052815,294
3QC3,0.37125875757774734,116.29063364529229,0.6547085201793722,0.3452914798206278,3.4714440262269455,446
3RAK,0.2683768745770852,129.08471674566303,0.5904059040590406,0.4095940959409594,3.614661972874286,271
3S2O,0.29192460481478566,-158.376160607673,0.4101876675603217,0.5898123324396782,4.1444587313552015,373
3SEF,0.3452521174063458,125.52685007336274,0.6311713455953534,0.3688286544046466,3.703034693344918,1033
3ST2,0.40821881752324796,-142.7703478200513,0.3313782991202346,0.6686217008797655,3.8807500725144304,682
3T6Z,0.32914035105881023,-134.94473684522686,0.3583502366463827,0.6416497633536173,4.0746969924558245,1479
3TVO,0.22882136149927862,-157.70099068222,0.4251968503937008,0.5748031496062992,3.985576292389756,254
3U32,0.9934319933147274,96.9609642033198,1.0,0.0,1.4344834854371433,362
3U8F,0.29207654316395404,130.49659907342328,0.5983606557377049,0.4016393442622951,3.5140551043673165,244
3UVY,0.5810892410308655,99.44368333553216,0.782608695652174,0.21739130434782605,2.7280200781975275,115
3VLD,0.7534882622626796,98.40584571678995,0.878021978021978,0.12197802197802199,2.614384198899262,910
3WAL,0.19621026549171058,145.2247327713278,0.5398230088495575,0.4601769911504425,3.5803580668475274,113
3WT1,0.2577732926247571,137.20322189661005,0.5706860706860707,0.4293139293139293,3.5046131996958785,962
3ZRE,0.22703923894816117,-158.00032736006952,0.43558282208588955,0.5644171779141105,3.9603381863464255,163
4A90,0.31783579026774345,-133.96572733576085,0.3557312252964427,0.6442687747035574,3.8342305600144537,253
4AHE,0.21489448266986996,164.67188480785825,0.5169491525423728,0.48305084745762716,4.0105077448556665,118
4AWT,0.23640631069191195,130.11767766292888,0.574585635359116,0.425414364640884,3.513833421775981,362
4BHX,0.6845264454333017,99.70918332372722,0.8370786516853933,0.1629213483146067,2.621303749249772,178
4E30,0.275821328168614,133.6529536757998,0.5806451612903226,0.4193548387096774,3.5877479249715205,403
4FF5,0.300045848564365,125.49057878070984,0.6053811659192825,0.3946188340807175,3.843658309879772,223
4GD8,0.33124035073681163,122.51113264137825,0.623574144486692,0.376425855513308,3.544170933680365,263
4H3X,0.19795258247589426,155.32056174176392,0.5216049382716049,0.4783950617283951,3.9125447458350315,324
4HE4,0.4215383920970913,-146.78118472618422,0.3392070484581498,0.6607929515418502,3.8862636411805176,454
4HN3,0.19943861696659382,168.90557720277263,0.5,0.5,3.870017120909374,1310
4HYF,0.18195345831373372,163.2757174284854,0.5111111111111111,0.48888888888888893,4.013144440425062,675
4I4P,0.3441779082977338,-137.72494533725944,0.34375,0.65625,4.0376686822438055,288
4J1F,0.2989669831705098,-157.1280819722629,0.4081081081081081,0.5918918918918918,4.099552087954965,370
4JD2,0.31386068419126256,125.38977627464004,0.6154623547246084,0.3845376452753916,3.7343830903996214,1979
4JO3,0.494027752436489,-127.6968134873453,0.268018018018018,0.7319819819819819,4.041749767539278,888
4KD6,0.4631403686634507,112.68885321020814,0.7014218009478673,0.2985781990521327,3.291017337075429,211
4KXX,0.29343152793909205,125.79203751598774,0.6058158319870759,0.3941841680129241,3.494674962561634,619
4MQC,0.8275596666657684,97.09648518822983,0.9187279151943463,0.08127208480565373,2.3335744353565984,283
4MTZ,0.21446872713170084,131.7441264387378,0.5714285714285714,0.4285714285714286,3.1992086957443524,301
4MU4,0.32747924570735554,136.97792211672333,0.5939086294416244,0.40609137055837563,3.615981163420351,197
4MX1,0.2531900928024449,132.4547037459688,0.5827067669172933,0.4172932330827067,3.5147936228733108,266
4NWQ,0.4219209580766317,112.44446398605689,0.6867924528301886,0.31320754716981136,3.1878224243916513,265
4OM3,0.8934756925196838,98.08690996519235,0.9497816593886463,0.05021834061135366,2.0454643165969957,458
4P39,0.7133502639412774,98.02970087485686,0.850187265917603,0.14981273408239704,2.2148426433660395,267
4PCF,0.382585433898764,119.34438412703895,0.6590257879656161,0.34097421203438394,3.4652212614346896,698
4PH3,0.6219952727996285,102.26970032408992,0.8053097345132744,0.19469026548672563,2.530139448592114,226
4PJS,0.7001153245895155,102.0014839731888,0.8439306358381503,0.1560693641618497,2.039380050968893,173
4PT4,0.2011127051060647,159.2575163935535,0.5208333333333334,0.47916666666666663,3.2670863758085966,192
4R04,0.26757008866863025,132.53165511570597,0.5874790385690329,0.41252096143096706,3.776175206914618,1789
4RF1,0.2396982621349264,-171.61665921868848,0.4587628865979381,0.5412371134020619,3.9071405463825517,388
4RKQ,0.3035097911279789,133.89128685452718,0.58758109360519,0.41241890639481005,3.433416787439472,1079
4XBX,0.2805380071795177,168.15570856628548,0.5094664371772806,0.4905335628227194,3.731855881697141,581
4XE7,0.318847396772186,133.60984135596593,0.5971223021582733,0.40287769784172667,3.6335493399467693,417
4Z0S,0.3773372418273725,117.89320648637533,0.6604166666666667,0.33958333333333335,3.5439862831902076,480
5E3T,0.2869927602742636,125.97669902593684,0.6122448979591837,0.3877551020408163,3.9737478745353276,294
5EPS,0.7573461282177508,100.98852246258329,0.8648648648648649,0.1351351351351351,2.2137261620991056,111
5H76,0.547438184726445,102.014035478459,0.7692307692307693,0.23076923076923073,2.4526306858068714,585
5HBR,0.3402838748566978,124.23994915881144,0.6284470246734397,0.3715529753265603,3.5543444344447868,1378
5IQD,0.46298703914137046,113.7836403685584,0.7054794520547946,0.29452054794520544,3.3996278294989297,1168
5J5C,0.4423665586147243,110.39228177035427,0.6997167138810199,0.30028328611898014,3.2275230081021347,353
5JRJ,0.2892889901470645,128.41557841292658,0.6006711409395973,0.3993288590604027,3.4582152107644415,298
5K8P,0.3060593135860228,130.2340064518235,0.6070154577883472,0.3929845422116528,3.7415121705247545,3364
5LCP,0.31885574749167045,125.42948633892658,0.6151761517615176,0.38482384823848237,3.5046285499691567,369
5LIE,0.4439611794592021,111.11017732810555,0.6984334203655352,0.30156657963446476,3.3689459401134365,766
5MQI,0.7589459747953341,98.25494689378573,0.8790560471976401,0.12094395280235992,2.3420553101175656,339
5MY5,0.28718474993556214,128.46589613214846,0.5967741935483871,0.4032258064516129,3.4002806751756447,248
5NQF,0.17732724073170517,-169.9656964235053,0.4674922600619195,0.5325077399380804,3.92140898818039,323
5O7Y,0.20119775651555108,153.215339380044,0.53125,0.46875,3.6553780149285604,352
5Q3Q,0.25047306494134447,147.29538326746737,0.5457227138643068,0.4542772861356932,3.6528142622626345,339
5QBF,0.3289031825597337,-146.024494349006,0.3719512195121951,0.6280487804878049,3.909822532818895,328
5S2H,0.2710017355223469,134.2899470776712,0.5787878787878787,0.42121212121212126,3.439912791230679,330
5SGM,0.697149848839857,100.53888382769928,0.8461538461538461,0.15384615384615385,2.602405688085441,312
5T6M,0.3858612332086229,115.77821902641767,0.6627450980392157,0.33725490196078434,3.3710823973305173,1530
5TRD,0.25082394362784205,156.90688910442336,0.5209302325581395,0.4790697674418605,3.5285583335792654,430
5TWG,0.5971610359008332,102.88764177943486,0.7864583333333334,0.21354166666666663,2.7974451177298003,192
5U26,0.28670855690989605,-152.65244886138564,0.4024390243902439,0.5975609756097561,3.7692291754293223,164
5UBL,0.2620838893277529,136.95551644912632,0.5742296918767507,0.42577030812324934,3.7606769640258877,714
5X49,0.24351719249437187,138.25448586494372,0.562929061784897,0.437070938215103,3.4470901000141043,874
5XKX,0.2608488940520318,142.8437942644277,0.5529100529100529,0.4470899470899471,3.7972357270648684,378
5Z7F,0.8087501014870799,97.66836901359943,0.9066666666666666,0.09333333333333338,2.100252626487483,150
5ZFV,0.8865557609523025,96.24681185475644,0.9473684210526315,0.052631578947368474,2.1477286374703968,1121
6BF7,0.25772488612400113,147.39256977169742,0.5486238532110091,0.45137614678899085,3.895766043581596,2725
6C1B,0.28091123042947624,127.17146278904944,0.6063618290258449,0.3936381709741551,3.4245961257173176,503
6DOE,0.32341942268391377,129.91389649048037,0.6044776119402985,0.3955223880597015,3.624260340472252,134
6DVE,0.22220256368416086,136.43775990663934,0.563289090320492,0.436710909679508,3.695150158869251,3089
6ECO,0.5546644715298177,102.73661751216146,0.7721822541966427,0.22781774580335734,2.76461328655018,417
6GDZ,0.7802273304300071,98.82574620949738,0.8918918918918919,0.10810810810810811,2.3149531284480696,37
6H0W,0.24062553914512166,157.94317015729317,0.5182926829268293,0.4817073170731707,3.7322329931459124,328
6IFS,0.39396894339343685,117.46644826325567,0.661319073083779,0.338680926916221,3.373411908737648,561
6K3I,0.26255928846465,-143.76904464029457,0.39795454545454545,0.6020454545454546,4.134522467580518,4400
6MUH,0.387897074325848,116.9020222067521,0.660472972972973,0.339527027027027,3.432214033507436,592
6PGW,0.4164011328808329,-135.30444588905735,0.32235294117647056,0.6776470588235295,4.134212584714374,425
6PRK,0.9029627907459088,97.68283118289304,0.956140350877193,0.04385964912280704,2.1648895381676714,228
6PZH,0.4864696024549835,-129.15340890428834,0.26627906976744187,0.7337209302325581,3.9329663331479763,860
6Q3T,0.30930988539475285,137.18673103645605,0.5772357723577236,0.4227642276422764,3.612928312140464,492
6QXK,0.221665857268106,141.0061852151882,0.5498154981549815,0.45018450184501846,3.664219756198969,271
6QYX,0.30532949411632065,126.56758091305976,0.608955223880597,0.391044776119403,3.5745995333492715,335
6RUP,0.46274297114852125,-129.50828428477053,0.2757009345794392,0.7242990654205608,3.8921472521006386,214
6S9I,0.34056600459935293,120.13321439417642,0.6371545547594678,0.3628454452405322,3.7190528042810915,1954
6T7A,0.5368285277348144,100.8802105749503,0.7593712212817413,0.24062877871825872,2.750341084894543,827
6TBC,0.3437776170872716,123.31739884078719,0.6295034079844206,0.3704965920155794,3.497654111841987,2054
6TOM,0.45310662439099836,109.37506412777223,0.7054263565891473,0.2945736434108527,3.1551533218645367,129
6UFD,0.2301939222527433,-156.7013232120212,0.42412451361867703,0.5758754863813229,3.906298908133064,257
6UUJ,0.4980561544222202,107.7679822479437,0.7283566614826334,0.27164333851736655,3.4082414293221506,1929
6X27,0.24960961084579608,152.7119680254811,0.5274875056792367,0.47251249432076325,3.617587561928959,2201
6Z9X,0.30034169454568427,-156.8456173201419,0.4129287598944591,0.5870712401055409,4.006057672962176,758
7BWE,0.47171217666910115,88.56319185370778,0.7580645161290323,0.24193548387096775,3.480070234078416,62
7KBJ,0.22694813312317696,-170.00063863731233,0.4572810317033853,0.5427189682966147,3.904198658471506,1861
8BPM,0.20531095633355007,176.2319635994803,0.49166666666666664,0.5083333333333333,3.621896006753927,360
8PR7,0.25364135042260655,154.3876248653283,0.5343915343915344,0.4656084656084656,3.869794210545876,756
8Y08,0.3849446787053293,112.95388521241232,0.667760459392945,0.33223954060705496,3.4798507078720204,2438
9G2K,0.6016872611746727,102.42778314881241,0.793010752688172,0.206989247311828,2.737673739147638,1116
9L47,0.28651249631222914,-157.97366878634452,0.415041782729805,0.584958217270195,3.926259913385377,718
