label	protein_id	nn_same	nn_other	margin	kNN10_density	silhouette_cosine
1AWP_A	1AWP	0.01749623983428439	0.12955391098192026	0.11205767114763587	0.11107889442049904	0.7461106045461386
1AWP_B	1AWP	0.01749623983428439	0.10518987862982698	0.0876936387955426	0.09571032078007335	0.6491562708777262
1AWP_A	1AWP	0.048288488441481814	0.10600270981848259	0.057714221377000774	0.11515762327298569	0.6022221430086451
1BCP_A	1BCP	0.0	0.13631621290997586	0.13631621290997586	0.11663369076373313	-0.26226234801113335
1BCP_B	1BCP	0.00972226626314976	0.1070349815265641	0.09731271526341434	0.10473262030988448	-0.2683769043652525
1BCP_C	1BCP	4.149633709382705e-05	0.10441719457189436	0.10437569823480053	0.10000242660226225	-0.4079920997321341
1BCP_D	1BCP	0.011416297041748735	0.08837577269695118	0.07695947565520245	0.09350667761256246	-0.4917621833638406
1BCP_E	1BCP	0.06346138886935904	0.13366065300425178	0.07019926413489275	0.13041168892321475	-0.33340219344396377
1BCP_F	1BCP	1.149416565704442e-06	0.10683010525771974	0.10682895584115404	0.09935788225054704	-0.401543270423038
1BCP_G	1BCP	1.543104597545586e-06	0.1362374100581435	0.13623586695354595	0.11662971960956876	-0.2620943803546515
1BCP_H	1BCP	0.00972226626314976	0.10430352496665685	0.09458125870350709	0.10118918335184361	-0.2707006340783563
1BCP_I	1BCP	4.149633709382705e-05	0.1048399324917777	0.10479843615468387	0.10012854198266763	-0.4066199355149243
1BCP_J	1BCP	0.011416297041748735	0.08280640821781027	0.07139011117606153	0.08520146620048742	-0.5035273736538031
1BCP_K	1BCP	0.06346138886935904	0.12110487478848186	0.05764348591912283	0.11922332283064137	-0.23775076423602226
1BCP_L	1BCP	1.149416565704442e-06	0.10684452526958232	0.10684337585301662	0.09935632963598934	-0.4014195045677962
1BCP_A	1BCP	0.0	0.13631621290997586	0.13631621290997586	0.11663369076373313	-0.26226234801113335
1BFN_A	1BFN	3.3306690738754696e-16	0.10729795860570901	0.10729795860570868	0.0999853808557848	0.9999999999999969
1BFN_A	1BFN	3.3306690738754696e-16	0.10729795860570901	0.10729795860570868	0.0999853808557848	0.9999999999999969
1BQN_A	1BQN	5.551115123125783e-16	0.11346260451077428	0.11346260451077372	0.11517168403608698	0.5153023676573764
1BQN_B	1BQN	0.13520017753745117	0.12292394550795294	-0.012276232029498235	0.1374619916729945	0.039528393360192766
1BQN_A	1BQN	5.551115123125783e-16	0.11346260451077428	0.11346260451077372	0.11517168403608698	0.5153023676573764
1BTY_A	1BTY	0.0	0.09486917069439493	0.09486917069439493	0.09949867335139194	1.0
1BTY_A	1BTY	0.0	0.09486917069439493	0.09486917069439493	0.09949867335139194	1.0
1C1U_H	1C1U	2.220446049250313e-16	0.10453390246248195	0.10453390246248173	0.10100838335750431	-0.4283171830451829
1C1U_I	1C1U	0.15092232466652666	0.03649360341430252	-0.11442872125222414	0.11303418594332793	-0.8459894620495966
1C1U_L	1C1U	0.15092232466652666	0.07866028409539016	-0.0722620405711365	0.11641503036791565	-0.39392169923733167
1C1U_H	1C1U	2.220446049250313e-16	0.10453390246248195	0.10453390246248173	0.10100838335750431	-0.4283171830451829
1CT5_A	1CT5	3.3306690738754696e-16	0.06538401850615105	0.06538401850615072	0.08354334564704398	0.9999999999999962
1CT5_A	1CT5	3.3306690738754696e-16	0.06538401850615105	0.06538401850615072	0.08354334564704398	0.9999999999999962
1CTX_A	1CTX	1.1102230246251565e-16	0.13459510203734604	0.13459510203734593	0.12723024460313834	0.9999999999999992
1CTX_A	1CTX	1.1102230246251565e-16	0.13459510203734604	0.13459510203734593	0.12723024460313834	0.9999999999999992
1CW8_A	1CW8	3.3306690738754696e-16	0.03649360341430252	0.03649360341430219	0.07844749523345235	0.9999999999999971
1CW8_A	1CW8	3.3306690738754696e-16	0.03649360341430252	0.03649360341430219	0.07844749523345235	0.9999999999999971
1DHJ_A	1DHJ	0.0	0.14006566897807193	0.14006566897807193	0.12788654689152384	0.8383434578159984
1DHJ_B	1DHJ	0.052153617420318876	0.11979156463230423	0.06763794721198535	0.11574284484895983	0.6129575546370485
1DHJ_A	1DHJ	0.0	0.14006566897807193	0.14006566897807193	0.12788654689152384	0.8383434578159984
1DKT_A	1DKT	0.06925654618175792	0.12967843460212924	0.06042188842037133	0.13839155405509732	0.059821031085568736
1DKT_B	1DKT	0.17458532768757684	0.0819806290167886	-0.09260469867078824	0.11521936297285477	-0.42668936165992627
1DKT_A	1DKT	0.06925654618175792	0.15819245715765307	0.08893591097589515	0.1547880383447286	0.21370950743354497
1DP0_A	1DP0	3.3306690738754696e-16	0.10893755438215602	0.10893755438215569	0.07858531505090295	0.8313087705415448
1DP0_B	1DP0	0.020938391790898958	0.11388712053336392	0.09294872874246496	0.08793851874469827	0.7730422262236322
1DP0_C	1DP0	0.013023631222091825	0.11208852804500735	0.09906489682291553	0.08195563907576305	0.7854577976253098
1DP0_D	1DP0	0.013023631222091825	0.114898928407975	0.10187529718588317	0.08308185052606529	0.7520135248079385
1DP0_A	1DP0	3.3306690738754696e-16	0.10893755438215602	0.10893755438215569	0.07858531505090295	0.8313087705415448
1FF1_A	1FF1	0.012212114473840185	0.09327027146634026	0.08105815699250007	0.09089627218261638	-0.18125359697469512
1FF1_B	1FF1	0.22560525748467275	0.03420229717902257	-0.19140296030565018	0.09793136211485709	-0.43472981816843986
1FF1_A	1FF1	0.012212114473840185	0.0972662898824892	0.08505417540864901	0.09393990278814711	-0.1561686947710504
1FPK_A	1FPK	0.0	0.06449852561808811	0.06449852561808811	0.07016559452871396	0.848691891447575
1FPK_B	1FPK	0.019518299831386088	0.06916972944977962	0.04965142961839353	0.07223699656354472	0.7178202085414074
1FPK_A	1FPK	0.0	0.06449852561808811	0.06449852561808811	0.07016559452871396	0.848691891447575
1G1W_A	1G1W	0.0	0.07534019369832323	0.07534019369832323	0.08244693976653089	1.0
1G1W_A	1G1W	0.0	0.07534019369832323	0.07534019369832323	0.08244693976653089	1.0
1GP8_A	1GP8	0.0	0.04932918703619893	0.04932918703619893	0.056805372291041614	1.0
1GP8_A	1GP8	0.0	0.04932918703619893	0.04932918703619893	0.056805372291041614	1.0
1J0J_A	1J0J	0.0	0.1051547028326334	0.1051547028326334	0.09259373414474431	0.7549166175509903
1J0J_B	1J0J	0.05154334050128451	0.09750932525979861	0.0459659847585141	0.09622559462785776	0.47140091100050996
1J0J_A	1J0J	0.0	0.1051547028326334	0.1051547028326334	0.09259373414474431	0.7549166175509903
1J5S_A	1J5S	0.0	0.10253585890665295	0.10253585890665295	0.07552856525815871	0.9436329547647743
1J5S_B	1J5S	0.0001207905319897673	0.09633828766480246	0.09621749713281269	0.07550153178108106	0.9385112888813841
1J5S_C	1J5S	0.0001207905319897673	0.09648366891709448	0.09636287838510471	0.07501952225147962	0.94075581142335
1J5S_A	1J5S	0.0	0.10253585890665295	0.10253585890665295	0.07552856525815871	0.9436329547647743
1JOY_A	1JOY	3.779947355120328e-09	0.02178761960186637	0.021787615821919015	0.034323023664235355	-0.06704907541104708
1JOY_B	1JOY	3.779947355120328e-09	0.021788028447439878	0.021788024667492523	0.034323589600751436	-0.06701938449701864
1JOY_A	1JOY	0.08246397717809506	0.027226219687954578	-0.05523775749014048	0.02859875244595328	-0.6354123923778022
1JPI_A	1JPI	0.0	0.08380059924378747	0.08380059924378747	0.0861911927115882	1.0
1JPI_A	1JPI	0.0	0.08380059924378747	0.08380059924378747	0.0861911927115882	1.0
1JTF_A	1JTF	2.220446049250313e-16	0.08977474293662291	0.08977474293662269	0.0903417667010961	0.9999999999999979
1JTF_A	1JTF	2.220446049250313e-16	0.08977474293662291	0.08977474293662269	0.0903417667010961	0.9999999999999979
1JWT_A	1JWT	1.1102230246251565e-16	0.11825524223693329	0.11825524223693318	0.1266132837728992	0.9999999999999991
1JWT_A	1JWT	1.1102230246251565e-16	0.11825524223693329	0.11825524223693318	0.1266132837728992	0.9999999999999991
1KA0_A	1KA0	0.0	0.08195568950751164	0.08195568950751164	0.08006347444684417	1.0
1KA0_A	1KA0	0.0	0.08195568950751164	0.08195568950751164	0.08006347444684417	1.0
1KDF_A	1KDF	0.0	0.11441322265945164	0.11441322265945164	0.10939019970177995	1.0
1KDF_A	1KDF	0.0	0.11441322265945164	0.11441322265945164	0.10939019970177995	1.0
1KR2_A	1KR2	0.0	0.1224220266796816	0.1224220266796816	0.0639697511676857	0.8012966494895561
1KR2_B	1KR2	0.00026777561463631194	0.11916389974003816	0.11889612412540185	0.07142877528749755	0.723086804421398
1KR2_C	1KR2	0.02193551083909595	0.11528292710926291	0.09334741627016696	0.06512632101507213	0.7469978634033447
1KR2_D	1KR2	0.00026777561463631194	0.11834205698324751	0.1180742813686112	0.07138528130208781	0.7196654771767189
1KR2_E	1KR2	0.000927562396649706	0.1098059524641335	0.10887839006748379	0.06372419132349606	0.7399645044839075
1KR2_F	1KR2	0.000927562396649706	0.10666224229969323	0.10573467990304353	0.0625076220898386	0.7336514090062856
1KR2_A	1KR2	0.0	0.1224220266796816	0.1224220266796816	0.0639697511676857	0.8012966494895561
1LEE_A	1LEE	0.0	0.08895385557213387	0.08895385557213387	0.08680841777251033	1.0
1LEE_A	1LEE	0.0	0.08895385557213387	0.08895385557213387	0.08680841777251033	1.0
1LRT_A	1LRT	0.0	0.08868506358059758	0.08868506358059758	0.06443785917364596	0.8606604280134463
1LRT_B	1LRT	0.018615531603941804	0.09771227033228624	0.07909673872834444	0.07648822785936056	0.7479794993310828
1LRT_C	1LRT	0.013240076312267868	0.09695785274577517	0.08371777643350731	0.07003946679582304	0.7787013029808539
1LRT_D	1LRT	0.017573747287473407	0.09232833379189198	0.07475458650441857	0.07015226723914045	0.7491755145892213
1LRT_A	1LRT	0.0	0.08868506358059758	0.08868506358059758	0.06443785917364596	0.8606604280134463
1LV0_A	1LV0	0.0	0.10539481139797835	0.10539481139797835	0.10962856620328805	1.0
1LV0_A	1LV0	0.0	0.10539481139797835	0.10539481139797835	0.10962856620328805	1.0
1M7X_A	1M7X	3.3306690738754696e-16	0.11699678290547455	0.11699678290547422	0.10797718735300413	0.14734441565228537
1M7X_B	1M7X	0.0654710299169553	0.10535002744449895	0.03987899752754365	0.11150352424961896	0.09318329723141355
1M7X_C	1M7X	0.07319123121969506	0.0956740702999721	0.02248283908027704	0.10776630388558292	0.08572377692641528
1M7X_D	1M7X	0.0654710299169553	0.12484567374577216	0.05937464382881685	0.1211369535395976	0.1905320320649134
1M7X_A	1M7X	3.3306690738754696e-16	0.11699678290547455	0.11699678290547422	0.10797718735300413	0.14734441565228537
1MSN_A	1MSN	0.004861169652899178	0.07434126689128251	0.06948009723838333	0.07425417846155791	0.5489053751066029
1MSN_B	1MSN	0.06263586910960206	0.08045853010649529	0.017822660996893225	0.08566116803490843	0.3229693526318988
1MSN_A	1MSN	0.004861169652899178	0.07113625113614064	0.06627508148324146	0.07443434514789524	0.5226953185576
1MZV_A	1MZV	0.0	0.10912259989713224	0.10912259989713224	0.10860869668222639	1.0
1MZV_A	1MZV	0.0	0.10912259989713224	0.10912259989713224	0.10860869668222639	1.0
1NVG_A	1NVG	5.551115123125783e-16	0.10564718829347874	0.10564718829347819	0.11638036358875917	0.9999999999999952
1NVG_A	1NVG	5.551115123125783e-16	0.10564718829347874	0.10564718829347819	0.11638036358875917	0.9999999999999952
1O4B_A	1O4B	0.0	0.0771433689257256	0.0771433689257256	0.10753935659433692	1.0
1O4B_A	1O4B	0.0	0.0771433689257256	0.0771433689257256	0.10753935659433692	1.0
1OH3_A	1OH3	0.0	0.07802431348309047	0.07802431348309047	0.08380456561187766	0.8423597133877545
1OH3_B	1OH3	0.03282699570932557	0.08356431059920177	0.050737314889876206	0.08415036052108671	0.6614772165906361
1OH3_A	1OH3	0.0	0.07802431348309047	0.07802431348309047	0.08380456561187766	0.8423597133877545
1OQM_A	1OQM	0.0	0.09077229981631241	0.09077229981631241	0.08254110046540786	-0.1781853992582277
1OQM_B	1OQM	0.07159941752538568	0.11555488272065662	0.04395546519527094	0.11525340375489224	-0.38199150337064025
1OQM_C	1OQM	0.015218413883913873	0.09092246725837172	0.07570405337445785	0.08109689975340457	-0.26606546913029216
1OQM_D	1OQM	0.07159941752538568	0.08780205457643175	0.016202637051046076	0.1004073288532767	-0.4937293717424066
1OQM_A	1OQM	0.0	0.09077229981631241	0.09077229981631241	0.08254110046540786	-0.1781853992582277
1P98_A	1P98	3.3306690738754696e-16	0.125879563115462	0.12587956311546167	0.12018622889433006	0.9999999999999973
1P98_A	1P98	3.3306690738754696e-16	0.125879563115462	0.12587956311546167	0.12018622889433006	0.9999999999999973
1PKT_A	1PKT	1.1102230246251565e-16	0.09759215484519168	0.09759215484519157	0.1052100963843661	0.9999999999999991
1PKT_A	1PKT	1.1102230246251565e-16	0.09759215484519168	0.09759215484519157	0.1052100963843661	0.9999999999999991
1PXX_A	1PXX	0.0	0.018110843605240734	0.018110843605240734	0.04371676047693527	0.08452931655844544
1PXX_B	1PXX	0.010282434687304942	0.0027319754646885075	-0.007550459222616435	0.03680594951982842	-0.465753488663042
1PXX_C	1PXX	0.010282434687304942	0.003324221697487917	-0.006958212989817025	0.04165514073702401	-0.7084883399542802
1PXX_D	1PXX	0.011452564161055001	0.012981155392562838	0.0015285912315078365	0.04387981742523983	-0.1615140595239943
1PXX_A	1PXX	0.0	0.018110843605240734	0.018110843605240734	0.04371676047693527	0.08452931655844544
1QHG_A	1QHG	0.0	0.06646284163316596	0.06646284163316596	0.07471642661649616	1.0
1QHG_A	1QHG	0.0	0.06646284163316596	0.06646284163316596	0.07471642661649616	1.0
1S44_A	1S44	3.3306690738754696e-16	0.10106121131556245	0.10106121131556212	0.08501247048738211	0.8941766144293868
1S44_B	1S44	0.02152996893493786	0.0943100629028526	0.07278009396791474	0.08378220867380695	0.7717107986968945
1S44_A	1S44	3.3306690738754696e-16	0.10106121131556245	0.10106121131556212	0.08501247048738211	0.8941766144293868
1S4I_A	1S4I	5.551115123125783e-16	0.14889887094926146	0.1488988709492609	0.10230189560396714	0.8152035450362121
1S4I_B	1S4I	0.037328627479220944	0.10895767601958473	0.07162904854036378	0.08867254332644665	0.652752386573572
1S4I_C	1S4I	0.04329494481640084	0.1391200711201106	0.09582512630370976	0.10377654074601014	0.6654085541927145
1S4I_D	1S4I	0.019364345798010496	0.1470624916841442	0.1276981458861337	0.10110976889518548	0.7971062122556997
1S4I_A	1S4I	5.551115123125783e-16	0.14889887094926146	0.1488988709492609	0.10230189560396714	0.8152035450362121
1SPR_A	1SPR	3.3306690738754696e-16	0.0771433689257256	0.07714336892572526	0.08920978580208747	0.29082418705710184
1SPR_B	1SPR	0.08523634550986581	0.09612967968609887	0.01089333417623306	0.11140649733443753	0.13126137535662827
1SPR_C	1SPR	0.04761989513664111	0.11015523896368329	0.06253534382704218	0.10030621810780249	0.3889022420995552
1SPR_D	1SPR	0.04761989513664111	0.08941241753696816	0.04179252240032705	0.09899950686795034	0.08441972268805321
1SPR_A	1SPR	3.3306690738754696e-16	0.0771433689257256	0.07714336892572526	0.08920978580208747	0.29082418705710184
1THC_A	1THC	0.0	0.1023136863528511	0.1023136863528511	0.10108652456113294	0.5946244876688254
1THC_B	1THC	0.09412187880331535	0.13975465372779972	0.045632774924484365	0.14136568101552288	0.4135171080595725
1THC_A	1THC	0.0	0.1023136863528511	0.1023136863528511	0.10108652456113294	0.5946244876688254
1TSN_A	1TSN	0.0	0.09259023202968852	0.09259023202968852	0.09696112917812641	1.0
1TSN_A	1TSN	0.0	0.09259023202968852	0.09259023202968852	0.09696112917812641	1.0
1UQU_A	1UQU	0.0	0.11660443849824764	0.11660443849824764	0.11661597552523432	0.31664526676205335
1UQU_B	1UQU	0.16042248545354076	0.0828635480623453	-0.07755893739119546	0.10214974019845476	-0.48346674826738645
1UQU_A	1UQU	0.0	0.11660443849824764	0.11660443849824764	0.11661597552523432	0.31664526676205335
1VB9_A	1VB9	0.0	0.11723568407339646	0.11723568407339646	0.10201275719979505	0.8619961839136979
1VB9_B	1VB9	0.03235794356723365	0.11492709450851257	0.08256915094127892	0.10706567136825977	0.7379764241575718
1VB9_A	1VB9	0.0	0.11723568407339646	0.11723568407339646	0.10201275719979505	0.8619961839136979
1VE6_A	1VE6	6.661338147750939e-16	0.07953039763564751	0.07953039763564684	0.07151264689209313	0.8522876670563961
1VE6_B	1VE6	0.02349524114938728	0.08850130197385409	0.0650060608244668	0.08323771102648499	0.75949876075428
1VE6_A	1VE6	6.661338147750939e-16	0.07953039763564751	0.07953039763564684	0.07151264689209313	0.8522876670563961
1VF6_A	1VF6	0.005784232091333941	0.02178761960186637	0.01600338751053243	0.03603659630779852	-0.3490004004205156
1VF6_B	1VF6	0.005784232091333941	0.02488450518606311	0.01910027309472917	0.03512038971956616	-0.5076361456346444
1VF6_C	1VF6	0.013413106503495809	0.05604206201681583	0.04262895551332002	0.05842912904548223	-0.2836747844999706
1VF6_D	1VF6	0.013413106503495809	0.060553459189646164	0.047140352686150355	0.06341536773602939	-0.23857829343242368
1VF6_A	1VF6	0.11651024998458692	0.016715054503673943	-0.09979519548091298	0.021305986967609204	-0.8502841260833318
1VJI_A	1VJI	0.0	0.10372888088120247	0.10372888088120247	0.09949700080115596	1.0
1VJI_A	1VJI	0.0	0.10372888088120247	0.10372888088120247	0.09949700080115596	1.0
1X1Z_A	1X1Z	0.0	0.08832127233962017	0.08832127233962017	0.08788848914509709	0.8867005525879882
1X1Z_B	1X1Z	0.024536037142681932	0.09007440164887193	0.06553836450619	0.09549771190510074	0.7923848751157692
1X1Z_A	1X1Z	0.0	0.08832127233962017	0.08832127233962017	0.08788848914509709	0.8867005525879882
1XI9_A	1XI9	0.0	0.09578302951796525	0.09578302951796525	0.07759727869179071	0.599922843661807
1XI9_B	1XI9	0.03390693767357866	0.1059635062952573	0.07205656862167864	0.08109884939557066	0.6138625098355232
1XI9_C	1XI9	0.05484709402081944	0.0964991693907995	0.04165207536998006	0.08275464732973072	0.3710840805287085
1XI9_D	1XI9	0.037393439463477285	0.10880986982208152	0.07141643035860423	0.0897051378609348	0.48271932873435475
1XI9_A	1XI9	0.0	0.09578302951796525	0.09578302951796525	0.07759727869179071	0.599922843661807
1XK8_A	1XK8	1.1102230246251565e-16	0.11637383651777544	0.11637383651777533	0.05413990416753357	0.9046352462615607
1XK8_B	1XK8	0.0001244791413214097	0.11608586164954127	0.11596138250821986	0.0538387323575115	0.9048848463744826
1XK8_C	1XK8	0.023855126491743928	0.11390604167580654	0.09005091518406261	0.06671484176266047	0.731162391063545
1XK8_D	1XK8	0.0005125947346673598	0.11302361268462768	0.11251101794996032	0.053011072264975	0.9035478764603181
1XK8_E	1XK8	0.010627141040543076	0.10365406642093944	0.09302692538039636	0.05632965964256861	0.8365233583741508
1XK8_F	1XK8	0.028943228932116094	0.11244028298570796	0.08349705405359187	0.06846350999087673	0.70860806964602
1XK8_A	1XK8	1.1102230246251565e-16	0.11637383651777544	0.11637383651777533	0.05413990416753357	0.9046352462615607
1Y3X_A	1Y3X	2.220446049250313e-16	0.09486917069439493	0.09486917069439471	0.08928689076798979	0.9999999999999977
1Y3X_A	1Y3X	2.220446049250313e-16	0.09486917069439493	0.09486917069439471	0.08928689076798979	0.9999999999999977
1Y4C_A	1Y4C	0.0	0.09874112759601461	0.09874112759601461	0.09596826614784315	1.0
1Y4C_A	1Y4C	0.0	0.09874112759601461	0.09874112759601461	0.09596826614784315	1.0
1YGW_A	1YGW	0.0	0.11825524223693329	0.11825524223693329	0.11671666426426226	1.0
1YGW_A	1YGW	0.0	0.11825524223693329	0.11825524223693329	0.11671666426426226	1.0
1YQ3_A	1YQ3	0.0	0.09832904162548384	0.09832904162548384	0.10573876986955559	-0.4875853494909374
1YQ3_B	1YQ3	0.18938211752269596	0.08818936415728984	-0.10119275336540612	0.10402889932840761	-0.6619502603742101
1YQ3_C	1YQ3	0.1203871307327905	0.04159235302590847	-0.07879477770688204	0.04876874444831364	-0.7834647496804071
1YQ3_D	1YQ3	0.1203871307327905	0.006722389631675374	-0.11366474110111513	0.012367087663350994	-0.9625673644034024
1YQ3_A	1YQ3	0.0	0.09832904162548384	0.09832904162548384	0.10573876986955559	-0.4875853494909374
1YR3_A	1YR3	3.3306690738754696e-16	0.11225872513103685	0.11225872513103652	0.04991023718626484	0.9265682488732307
1YR3_B	1YR3	1.8184251066588608e-05	0.10671525689304906	0.10669707264198247	0.047649317238771714	0.9368370524149364
1YR3_C	1YR3	6.588672936902462e-06	0.10635084178373277	0.10634425311079587	0.047404989285119936	0.9374834554214064
1YR3_D	1YR3	0.011425367506373352	0.10076232829116705	0.0893369607847937	0.05192439604492408	0.8675263067949106
1YR3_E	1YR3	6.588672936902462e-06	0.1064338073539085	0.1064272186809716	0.04739788342552496	0.9375517912492819
1YR3_F	1YR3	8.999313755087002e-06	0.11214224912940685	0.11213324981565176	0.049871019141201	0.9268100621568639
1YR3_A	1YR3	3.3306690738754696e-16	0.11225872513103685	0.11225872513103652	0.04991023718626484	0.9265682488732307
1YVZ_A	1YVZ	0.0	0.08573941164709509	0.08573941164709509	0.10613451856791811	1.0
1YVZ_A	1YVZ	0.0	0.08573941164709509	0.08573941164709509	0.10613451856791811	1.0
1Z6A_A	1Z6A	2.220446049250313e-16	0.09389614094318177	0.09389614094318155	0.09412709402201445	0.9999999999999977
1Z6A_A	1Z6A	2.220446049250313e-16	0.09389614094318177	0.09389614094318155	0.09412709402201445	0.9999999999999977
1ZAQ_A	1ZAQ	2.220446049250313e-16	0.12130751711535803	0.12130751711535781	0.1277955075746538	0.9999999999999983
1ZAQ_A	1ZAQ	2.220446049250313e-16	0.12130751711535803	0.12130751711535781	0.1277955075746538	0.9999999999999983
1ZBU_A	1ZBU	0.0	0.09627728790933454	0.09627728790933454	0.0896371872345358	0.4151432335650549
1ZBU_B	1ZBU	0.18183021450393289	0.11821638776287591	-0.06361382674105698	0.12867838863953052	-0.3609407193711449
1ZBU_C	1ZBU	0.05256747135453965	0.10981948290437804	0.05725201154983839	0.09858793938181543	0.18539248700503652
1ZBU_D	1ZBU	0.04240857733870751	0.09812919329312253	0.05572061595441502	0.0954560363459094	0.2848953588199936
1ZBU_A	1ZBU	0.0	0.09627728790933454	0.09627728790933454	0.0896371872345358	0.4151432335650549
1ZEJ_A	1ZEJ	0.0	0.12170903221018148	0.12170903221018148	0.11601443793263777	1.0
1ZEJ_A	1ZEJ	0.0	0.12170903221018148	0.12170903221018148	0.11601443793263777	1.0
1ZRM_A	1ZRM	0.0	0.07146657433565506	0.07146657433565506	0.07210764202417166	1.0
1ZRM_A	1ZRM	0.0	0.07146657433565506	0.07146657433565506	0.07210764202417166	1.0
1ZX6_A	1ZX6	1.1102230246251565e-16	0.08524183838631161	0.0852418383863115	0.08772995707450996	0.9999999999999987
1ZX6_A	1ZX6	1.1102230246251565e-16	0.08524183838631161	0.0852418383863115	0.08772995707450996	0.9999999999999987
2A8I_A	2A8I	0.0	0.08606185424637613	0.08606185424637613	0.08200711585915905	0.6934796661183681
2A8I_B	2A8I	0.05921350023556793	0.10045273827459278	0.04123923803902485	0.09746428089937714	0.4391499988655401
2A8I_A	2A8I	0.0	0.08606185424637613	0.08606185424637613	0.08200711585915905	0.6934796661183681
2AD5_A	2AD5	3.3306690738754696e-16	0.09444820786821062	0.09444820786821029	0.10292902771134108	0.7567210476372372
2AD5_B	2AD5	0.05777664042384467	0.095682256583977	0.03790561616013233	0.09565794252284074	0.396161394112438
2AD5_A	2AD5	3.3306690738754696e-16	0.09444820786821062	0.09444820786821029	0.10292902771134108	0.7567210476372372
2AST_A	2AST	0.0	0.0889571618036511	0.0889571618036511	0.08822885552679058	-0.508111936183446
2AST_B	2AST	0.14983019149226773	0.09898845551415669	-0.050841735978111036	0.11731684763159178	-0.5504396891084853
2AST_C	2AST	0.21921171637993153	0.0819806290167886	-0.13723108736314293	0.1285329381402486	-0.46333311656533993
2AST_D	2AST	0.14983019149226773	0.1332118048736456	-0.01661838661862214	0.13991095133599454	-0.4165612049420022
2AST_A	2AST	0.0	0.0889571618036511	0.0889571618036511	0.08822885552679058	-0.508111936183446
2BRC_A	2BRC	0.0	0.04112969594035798	0.04112969594035798	0.06933591181476542	1.0
2BRC_A	2BRC	0.0	0.04112969594035798	0.04112969594035798	0.06933591181476542	1.0
2CAV_A	2CAV	1.1102230246251565e-16	0.10829214736031334	0.10829214736031323	0.10567996385413614	0.999999999999999
2CAV_A	2CAV	1.1102230246251565e-16	0.10829214736031334	0.10829214736031323	0.10567996385413614	0.999999999999999
2CD9_A	2CD9	0.0	0.11321205552082347	0.11321205552082347	0.10388101762600996	0.6112049344067999
2CD9_B	2CD9	0.0905748153456486	0.11613330879924044	0.025558493453591846	0.11833132174647769	0.2892780685030895
2CD9_A	2CD9	0.0	0.11321205552082347	0.11321205552082347	0.10388101762600996	0.6112049344067999
2CMC_A	2CMC	5.551115123125783e-16	0.06899270304287741	0.06899270304287686	0.06858405820730715	0.9999999999999926
2CMC_A	2CMC	5.551115123125783e-16	0.06899270304287741	0.06899270304287686	0.06858405820730715	0.9999999999999926
2CXN_A	2CXN	0.0	0.07450045678112738	0.07450045678112738	0.06459278215179995	0.804205345994509
2CXN_B	2CXN	0.03087115594247891	0.06842808020218971	0.0375569242597108	0.06584490792742075	0.6220104597313179
2CXN_A	2CXN	0.0	0.07450045678112738	0.07450045678112738	0.06459278215179995	0.804205345994509
2DGN_A	2DGN	0.0	0.11302228484339916	0.11302228484339916	0.12659970285722819	1.0
2DGN_A	2DGN	0.0	0.11302228484339916	0.11302228484339916	0.12659970285722819	1.0
2DI0_A	2DI0	3.3306690738754696e-16	0.07257394575807041	0.07257394575807008	0.07674141876983386	0.9999999999999954
2DI0_A	2DI0	3.3306690738754696e-16	0.07257394575807041	0.07257394575807008	0.07674141876983386	0.9999999999999954
2ERW_A	2ERW	0.0	0.12268834328630429	0.12268834328630429	0.12035612476329545	1.0
2ERW_A	2ERW	0.0	0.12268834328630429	0.12268834328630429	0.12035612476329545	1.0
2F1G_A	2F1G	3.3306690738754696e-16	0.07999727395055922	0.07999727395055889	0.07006963904149373	0.7970051283171159
2F1G_B	2F1G	0.03290577448926035	0.0884491858522638	0.05554341136300345	0.07971916945842843	0.636909035135964
2F1G_A	2F1G	3.3306690738754696e-16	0.07999727395055922	0.07999727395055889	0.07006963904149373	0.7970051283171159
2FYP_A	2FYP	1.1102230246251565e-16	0.04112969594035798	0.04112969594035787	0.05830927926550587	0.9948315497324797
2FYP_B	2FYP	0.00042515357597183723	0.04253877869790057	0.04211362512192873	0.058424345534301494	0.9900055058234942
2FYP_A	2FYP	1.1102230246251565e-16	0.04112969594035798	0.04112969594035787	0.05830927926550587	0.9948315497324797
2H90_A	2H90	1.1102230246251565e-16	0.0632216009055242	0.06322160090552409	0.0972699250302407	0.9999999999999982
2H90_A	2H90	1.1102230246251565e-16	0.0632216009055242	0.06322160090552409	0.0972699250302407	0.9999999999999982
2I5G_A	2I5G	0.0	0.08957535416733642	0.08957535416733642	0.0803668658840109	0.6683370644415785
2I5G_B	2I5G	0.060188006971516717	0.06538401850615105	0.005196011534634337	0.08597466238434379	0.07946913715842531
2I5G_A	2I5G	0.0	0.08957535416733642	0.08957535416733642	0.0803668658840109	0.6683370644415785
2I65_A	2I65	1.1102230246251565e-16	0.09867276402622949	0.09867276402622938	0.08611164409258112	0.8919604104314052
2I65_B	2I65	0.02202835658758895	0.10318536178726001	0.08115700519967106	0.09003635757923269	0.7871378037235819
2I65_A	2I65	1.1102230246251565e-16	0.09867276402622949	0.09867276402622938	0.08611164409258112	0.8919604104314052
2INE_A	2INE	1.1102230246251565e-16	0.0004689263952657452	0.0004689263952656342	0.08145734571885252	0.9999999999997632
2INE_A	2INE	1.1102230246251565e-16	0.0004689263952657452	0.0004689263952656342	0.08145734571885252	0.9999999999997632
2JI8_A	2JI8	1.1102230246251565e-16	0.08503498329898074	0.08503498329898063	0.10145528617383026	0.8153572524537855
2JI8_B	2JI8	0.04539145408747591	0.05586778480688437	0.010476330719408455	0.08324422730622727	0.4894424065019568
2JI8_A	2JI8	1.1102230246251565e-16	0.08503498329898074	0.08503498329898063	0.10145528617383026	0.8153572524537855
2K28_A	2K28	0.0	0.10322523126236816	0.10322523126236816	0.10090653610226315	1.0
2K28_A	2K28	0.0	0.10322523126236816	0.10322523126236816	0.10090653610226315	1.0
2LHB_A	2LHB	0.0	0.041305911044749566	0.041305911044749566	0.04071570841041998	1.0
2LHB_A	2LHB	0.0	0.041305911044749566	0.041305911044749566	0.04071570841041998	1.0
2LJE_A	2LJE	0.0	0.05604206201681583	0.05604206201681583	0.061400840916501734	1.0
2LJE_A	2LJE	0.0	0.05604206201681583	0.05604206201681583	0.061400840916501734	1.0
2LK2_A	2LK2	0.0	0.06293717400752707	0.06293717400752707	0.06245339862156535	1.0
2LK2_A	2LK2	0.0	0.06293717400752707	0.06293717400752707	0.06245339862156535	1.0
2LNV_A	2LNV	1.1102230246251565e-16	0.15386040817411373	0.15386040817411362	0.14779244395536786	0.9999999999999993
2LNV_A	2LNV	1.1102230246251565e-16	0.15386040817411373	0.15386040817411362	0.14779244395536786	0.9999999999999993
2NVN_A	2NVN	4.440892098500626e-16	0.08868506358059758	0.08868506358059713	0.09050797362873032	0.9999999999999952
2NVN_A	2NVN	4.440892098500626e-16	0.08868506358059758	0.08868506358059713	0.09050797362873032	0.9999999999999952
2OAE_A	2OAE	3.3306690738754696e-16	0.13081987689813646	0.13081987689813612	0.1166542750272956	0.9999672216645622
2OAE_B	2OAE	9.417331349625968e-06	0.13076689521189344	0.13075747788054382	0.11687509367391855	0.9999345465207492
2OAE_A	2OAE	3.3306690738754696e-16	0.13081987689813646	0.13081987689813612	0.1166542750272956	0.9999672216645622
2OIG_A	2OIG	5.551115123125783e-16	0.05476721749992841	0.054767217499927856	0.05141321150769679	0.3854257951421562
2OIG_B	2OIG	0.03282569474337671	0.05175715262771119	0.01893145788433448	0.049554832190073526	0.15654012621977245
2OIG_C	2OIG	0.05857906466855378	0.06409249168512998	0.0055134270165762	0.0655537624865228	-0.051042168424015946
2OIG_D	2OIG	0.03282569474337671	0.05505959056835141	0.022233895824974703	0.052842090789191346	0.2316092019273441
2OIG_A	2OIG	5.551115123125783e-16	0.05476721749992841	0.054767217499927856	0.05141321150769679	0.3854257951421562
2OWO_A	2OWO	3.3306690738754696e-16	0.06449852561808811	0.06449852561808778	0.0761984681529905	0.999999999999995
2OWO_A	2OWO	3.3306690738754696e-16	0.06449852561808811	0.06449852561808778	0.0761984681529905	0.999999999999995
2OXL_A	2OXL	4.027341761569936e-05	0.06650985167548085	0.06646957825786515	0.06611013704742139	0.25007067882650513
2OXL_B	2OXL	4.027341761569936e-05	0.06660296406113908	0.06656269064352338	0.06596069547744451	0.24832165281074553
2OXL_A	2OXL	0.09971510241907067	0.0792991058097764	-0.020415996609294274	0.0868024192678771	-0.1390356777926958
2PDP_A	2PDP	0.0	0.0004689263952657452	0.0004689263952657452	0.08393653339462044	1.0
2PDP_A	2PDP	0.0	0.0004689263952657452	0.0004689263952657452	0.08393653339462044	1.0
2PL9_A	2PL9	0.0	0.10898425592891381	0.10898425592891381	0.09164022190317946	0.05795920448527624
2PL9_B	2PL9	0.025316664570689817	0.12203068989625865	0.09671402532556883	0.10052847454599348	0.03399818733769645
2PL9_C	2PL9	0.014836561958121885	0.09608930907777224	0.08125274711965036	0.09024150478761318	-0.07514352727548901
2PL9_D	2PL9	0.07248899651899254	0.07534408177353868	0.0028550852545461414	0.08979269257705172	-0.428742115461476
2PL9_E	2PL9	0.0018313925396535868	0.06262604350409828	0.060794650964444696	0.06575380798202599	-0.5729522966291091
2PL9_F	2PL9	0.0018313925396535868	0.06880999209507443	0.06697859955542085	0.06965859803778604	-0.5542708243511919
2PL9_A	2PL9	0.0	0.10898425592891381	0.10898425592891381	0.09164022190317946	0.05795920448527624
2QCG_A	2QCG	2.220446049250313e-16	0.09650936179575209	0.09650936179575187	0.0972384738552067	0.6402366571702787
2QCG_B	2QCG	0.06944106122800531	0.10136276999123184	0.03192170876322653	0.10119505017750056	0.3149253790715057
2QCG_A	2QCG	2.220446049250313e-16	0.09650936179575209	0.09650936179575187	0.0972384738552067	0.6402366571702787
2QJV_A	2QJV	0.0	0.11321205552082347	0.11321205552082347	0.0934443874646928	0.9578768681787136
2QJV_B	2QJV	0.009878710091821397	0.12655657268171405	0.11667786258989266	0.1056530335721055	0.9232080499905876
2QJV_A	2QJV	0.0	0.11321205552082347	0.11321205552082347	0.0934443874646928	0.9578768681787136
2QOH_A	2QOH	0.0	0.08780205457643175	0.08780205457643175	0.10146673255600969	0.8462974304248297
2QOH_B	2QOH	0.03914113026085142	0.10246972558455414	0.06332859532370272	0.11125830733353421	0.6794558164995727
2QOH_A	2QOH	0.0	0.08780205457643175	0.08780205457643175	0.10146673255600969	0.8462974304248297
2R15_A	2R15	0.0	0.09519692794525314	0.09519692794525314	0.08542955343565094	0.6717044236393599
2R15_B	2R15	0.06337700210804376	0.1023136863528511	0.03893668424480734	0.09931928858068864	0.4262164089551195
2R15_A	2R15	0.0	0.09519692794525314	0.09519692794525314	0.08542955343565094	0.6717044236393599
2R5N_A	2R5N	0.0	0.04444403525401874	0.04444403525401874	0.05307462786676822	0.9122822782526921
2R5N_B	2R5N	0.010697830743565118	0.04644441588965975	0.035746585146094634	0.05689814123621412	0.8454113055380325
2R5N_A	2R5N	0.0	0.04444403525401874	0.04444403525401874	0.05307462786676822	0.9122822782526921
2R9I_A	2R9I	5.551115123125783e-16	0.028879927712704645	0.02887992771270409	0.03982442728929653	0.9999999999999888
2R9I_A	2R9I	5.551115123125783e-16	0.028879927712704645	0.02887992771270409	0.03982442728929653	0.9999999999999888
2VJA_A	2VJA	0.0	0.11460036881364377	0.11460036881364377	0.10172504638663356	0.928209195177945
2VJA_B	2VJA	0.01842620083947477	0.09556342071236745	0.07713721987289268	0.09083523989994738	0.84289566873967
2VJA_A	2VJA	0.0	0.11460036881364377	0.11460036881364377	0.10172504638663356	0.928209195177945
2WWJ_A	2WWJ	0.0	0.08524633896576306	0.08524633896576306	0.09329228748510734	0.7153524920507681
2WWJ_B	2WWJ	0.0485303158967999	0.05282180334955422	0.004291487452754317	0.10227884943488956	0.08124462211853913
2WWJ_A	2WWJ	0.0	0.08524633896576306	0.08524633896576306	0.09329228748510734	0.7153524920507681
2X23_A	2X23	0.0	0.10365406642093944	0.10365406642093944	0.08098439932815824	0.7964510611506777
2X23_B	2X23	0.00013207679491100688	0.1247185709030807	0.12458649410816969	0.08672568684413128	0.807628005110302
2X23_E	2X23	0.016762664876286304	0.1067695094791965	0.0900068446029102	0.08301040543964487	0.8511664346639846
2X23_G	2X23	0.00013207679491100688	0.12389367674652996	0.12376159995161895	0.08643858285796613	0.8109162761525911
2X23_A	2X23	0.0	0.10365406642093944	0.10365406642093944	0.08098439932815824	0.7964510611506777
2Y03_A	2Y03	0.0	0.008201250886906597	0.008201250886906597	0.007732520360690653	0.972985929848711
2Y03_B	2Y03	0.0006741714864924031	0.009018928226982137	0.008344756740489734	0.007981618314053706	0.9439700428680363
2Y03_A	2Y03	0.0	0.008201250886906597	0.008201250886906597	0.007732520360690653	0.972985929848711
2Y4G_A	2Y4G	1.1102230246251565e-16	0.09803955538861331	0.0980395553886132	0.09712434310547975	0.7131523321136157
2Y4G_B	2Y4G	0.061039936000982675	0.10029558835374475	0.03925565235276207	0.10513366906942694	0.42198730838784876
2Y4G_A	2Y4G	1.1102230246251565e-16	0.09803955538861331	0.0980395553886132	0.09712434310547975	0.7131523321136157
2YUN_A	2YUN	0.0	0.1351869948827763	0.1351869948827763	0.1286287293001845	1.0
2YUN_A	2YUN	0.0	0.1351869948827763	0.1351869948827763	0.1286287293001845	1.0
2ZPT_X	2ZPT	0.0	0.09547067284733957	0.09547067284733957	0.09690557696703185	1.0
2ZPT_X	2ZPT	0.0	0.09547067284733957	0.09547067284733957	0.09690557696703185	1.0
3AQ6_A	3AQ6	0.0	0.06067186452132767	0.06067186452132767	0.05248091324463031	0.9974417542186128
3AQ6_B	3AQ6	0.00032452566065621635	0.061592464416338144	0.06126793875568193	0.05293451438388678	0.9949533053381612
3AQ6_A	3AQ6	0.0	0.06067186452132767	0.06067186452132767	0.05248091324463031	0.9974417542186128
3AWP_A	3AWP	0.0	0.09652430107438104	0.09652430107438104	0.09124867805153011	1.0
3AWP_A	3AWP	0.0	0.09652430107438104	0.09652430107438104	0.09124867805153011	1.0
3BHQ_A	3BHQ	2.220446049250313e-16	0.038626751226810585	0.03862675122681036	0.0364851414772399	0.9923366434700478
3BHQ_B	3BHQ	0.0006361444094815649	0.034767797673361245	0.03413165326387968	0.034209977929682764	0.9833534822837395
3BHQ_A	3BHQ	2.220446049250313e-16	0.038626751226810585	0.03862675122681036	0.0364851414772399	0.9923366434700478
3CJ2_A	3CJ2	0.0	0.11958487882659996	0.11958487882659996	0.10787811556029074	0.8952348526292204
3CJ2_B	3CJ2	0.025056654907171128	0.08573941164709509	0.06068275673992396	0.0891651871957664	0.7077580260253621
3CJ2_A	3CJ2	0.0	0.11958487882659996	0.11958487882659996	0.10787811556029074	0.8952348526292204
3DAN_A	3DAN	2.220446049250313e-16	0.12043642559426082	0.1204364255942606	0.11991115247177028	0.9999999999999981
3DAN_A	3DAN	2.220446049250313e-16	0.12043642559426082	0.1204364255942606	0.11991115247177028	0.9999999999999981
3DKY_A	3DKY	0.0	0.12241311218769291	0.12241311218769291	0.09881844530143274	0.35008492097319455
3DKY_B	3DKY	0.010064786751048715	0.1471316080815036	0.1370668213304549	0.11161276954120618	0.387009690445211
3DKY_C	3DKY	0.010635331107868295	0.11240712927837337	0.10177179817050508	0.10256541576032789	0.4147011347286385
3DKY_D	3DKY	0.007847794849174416	0.09283780107305983	0.08499000622388542	0.0888288658121232	-0.3145231134812191
3DKY_E	3DKY	0.12396661585166002	0.11317184338337438	-0.01079477246828564	0.12305397402868601	-0.22320852570745559
3DKY_F	3DKY	0.007847794849174416	0.07930464738860843	0.07145685253943401	0.08701014447032113	-0.4511286229415442
3DKY_A	3DKY	0.0	0.12241311218769291	0.12241311218769291	0.09881844530143274	0.35008492097319455
3DSW_A	3DSW	4.440892098500626e-16	0.03561814096407401	0.035618140964073564	0.03624205694949935	-0.6531018833078284
3DSW_B	3DSW	0.2480768570297739	0.06646284163316596	-0.18161401539660793	0.08382734289381329	-0.7320876988328292
3DSW_A	3DSW	4.440892098500626e-16	0.03561814096407401	0.035618140964073564	0.03624205694949935	-0.6531018833078284
3DZ6_A	3DZ6	0.0	0.1066096822013004	0.1066096822013004	0.1081062477409526	0.17041020755000783
3DZ6_B	3DZ6	0.2038058085256338	0.11179821740344154	-0.09200759112219226	0.12430671170782637	-0.41269345629383325
3DZ6_A	3DZ6	0.0	0.1066096822013004	0.1066096822013004	0.1081062477409526	0.17041020755000783
3E+42_A	3E+42	inf	0.06528685307731619	0.06528685307731619	0.07246208596290094	0.0
3EA3_A	3EA3	0.0	0.1227963642545552	0.1227963642545552	0.1029104882784408	0.9398743423750342
3EA3_B	3EA3	0.015436884984569743	0.12549639741915442	0.11005951243458467	0.10683738382288759	0.8845199752705871
3EA3_A	3EA3	0.0	0.1227963642545552	0.1227963642545552	0.1029104882784408	0.9398743423750342
3EJO_A	3EJO	0.0	0.10856254695103906	0.10856254695103906	0.11213035057116012	0.5522412913636675
3EJO_B	3EJO	0.1157682796919256	0.11609949074320924	0.0003312110512836419	0.1291302216615047	0.13960939457779878
3EJO_A	3EJO	0.0	0.10856254695103906	0.10856254695103906	0.11213035057116012	0.5522412913636675
3EPX_A	3EPX	0.0	0.13374646807884794	0.13374646807884794	0.11594550732353852	0.8970546061546947
3EPX_B	3EPX	0.0275371656635911	0.15332345971744665	0.12578629405385555	0.1338245144365972	0.8203982240269155
3EPX_A	3EPX	0.0	0.13374646807884794	0.13374646807884794	0.11594550732353852	0.8970546061546947
3EU1_A	3EU1	2.220446049250313e-16	0.022426089418426942	0.02242608941842672	0.023260048188478922	0.10155499456702471
3EU1_B	3EU1	0.012918553083105189	0.014821407600624004	0.001902854517518815	0.025191133054380376	-0.20962335231306647
3EU1_C	3EU1	0.023058481405448084	0.020138344123334817	-0.0029201372821132665	0.021574908184673513	-0.14299424961211535
3EU1_D	3EU1	0.012918553083105189	0.003547673677993024	-0.009370879405112165	0.0237297741987756	-0.23787719902322974
3EU1_A	3EU1	2.220446049250313e-16	0.022426089418426942	0.02242608941842672	0.023260048188478922	0.10155499456702471
3G50_A	3G50	5.551115123125783e-16	0.025046435669255906	0.02504643566925535	0.02112162326340462	0.7876018802386988
3G50_B	3G50	0.006235712867273091	0.02165181502746849	0.0154161021601954	0.019991972524308666	0.6154838595271205
3G50_C	3G50	0.011778872774253601	0.02916697360847431	0.01738810083422071	0.025698580481252075	0.5755121314738428
3G50_A	3G50	5.551115123125783e-16	0.025046435669255906	0.02504643566925535	0.02112162326340462	0.7876018802386988
3G73_A	3G73	0.028877232811524434	0.10990219966455472	0.08102496685303029	0.1058359353830685	0.644288202659514
3G73_B	3G73	0.049309785137178985	0.09757659310596223	0.04826680796878324	0.10265261950701818	0.36769814545281404
3G73_A	3G73	0.028877232811524434	0.11055528998291597	0.08167805717139154	0.11062622165436675	0.5343363069607595
3G9Y_A	3G9Y	0.0	0.14618968257866494	0.14618968257866494	0.15224484810732078	1.0
3G9Y_A	3G9Y	0.0	0.14618968257866494	0.14618968257866494	0.15224484810732078	1.0
3GKV_A	3GKV	5.551115123125783e-16	0.0165769115071559	0.016576911507155345	0.025398437539266093	0.22377812893840554
3GKV_B	3GKV	0.03473198546928813	0.009928418053618548	-0.02480356741566958	0.028331640757721932	-0.17916592982492036
3GKV_A	3GKV	5.551115123125783e-16	0.0165769115071559	0.016576911507155345	0.025398437539266093	0.22377812893840554
3GP1_A	3GP1	2.220446049250313e-16	0.10027062076910187	0.10027062076910165	0.10303500724260503	0.999999999999998
3GP1_A	3GP1	2.220446049250313e-16	0.10027062076910187	0.10027062076910165	0.10303500724260503	0.999999999999998
3H8O_A	3H8O	0.0	0.09378003542199465	0.09378003542199465	0.08894028143364383	1.0
3H8O_A	3H8O	0.0	0.09378003542199465	0.09378003542199465	0.08894028143364383	1.0
3HPO_A	3HPO	0.0	0.11694015637457711	0.11694015637457711	0.11967818748201413	1.0
3HPO_A	3HPO	0.0	0.11694015637457711	0.11694015637457711	0.11967818748201413	1.0
3HS5_A	3HS5	0.0	0.003324221697487917	0.003324221697487917	0.04084877011506283	0.6814755332458778
3HS5_B	3HS5	0.011033764261683565	0.0027319754646885075	-0.008301788796995058	0.03614802544964768	0.15103017170420635
3HS5_A	3HS5	0.0	0.003324221697487917	0.003324221697487917	0.04084877011506283	0.6814755332458778
3IT3_A	3IT3	0.0	0.1006556237078653	0.1006556237078653	0.08827878981932791	0.9689086422276703
3IT3_B	3IT3	0.006364185390641652	0.0916009455710074	0.08523676018036574	0.0838036825422381	0.9317982271989305
3IT3_A	3IT3	0.0	0.1006556237078653	0.1006556237078653	0.08827878981932791	0.9689086422276703
3KE6_A	3KE6	2.220446049250313e-16	0.10371704794244874	0.10371704794244851	0.1022374288521846	0.6118969449949258
3KE6_B	3KE6	0.09767391711882445	0.09612967968609887	-0.0015442374327255814	0.11791086191078615	0.20851108445182703
3KE6_A	3KE6	2.220446049250313e-16	0.10371704794244874	0.10371704794244851	0.1022374288521846	0.6118969449949258
3KXT_A	3KXT	0.0	0.10549526943175536	0.10549526943175536	0.09794211592932314	1.0
3KXT_A	3KXT	0.0	0.10549526943175536	0.10549526943175536	0.09794211592932314	1.0
3L34_A	3L34	0.0	0.02282691861484132	0.02282691861484132	0.013241829908942914	0.6307597119923029
3L34_B	3L34	0.006530524098825596	0.024424280869869253	0.017893756771043656	0.012887210884478795	0.6495887127301804
3L34_C	3L34	6.778775974392026e-05	0.024697674288436833	0.024629886528692913	0.012118821454096484	0.7116844820164344
3L34_D	3L34	0.0007595416779052622	0.02680711025096516	0.026047568573059898	0.018095989256415024	0.4737513392122605
3L34_E	3L34	9.582883456060731e-05	0.024075025305125064	0.023979196470564457	0.011916879912113775	0.715381798109178
3L34_F	3L34	0.006328485601921563	0.02321467058638882	0.016886184984467256	0.01247125554563342	0.6269570210138562
3L34_G	3L34	6.778775974392026e-05	0.02488124932294089	0.02481346156319697	0.012222292451750017	0.7084413407381264
3L34_H	3L34	0.0007595416779052622	0.026054894563971365	0.025295352886066103	0.018700866825186135	0.4564190631540097
3L34_A	3L34	0.0	0.02282691861484132	0.02282691861484132	0.013241829908942914	0.6307597119923029
3MEP_A	3MEP	0.0	0.09264015862921893	0.09264015862921893	0.07323812899839002	0.9595550438516847
3MEP_B	3MEP	0.00043145172232850193	0.10031782986484339	0.09988637814251489	0.07699387703371098	0.959397637490672
3MEP_C	3MEP	0.00043145172232850193	0.10050709528922541	0.10007564356689691	0.07623257399406315	0.962168711371372
3MEP_A	3MEP	0.0	0.09264015862921893	0.09264015862921893	0.07323812899839002	0.9595550438516847
3MPY_A	3MPY	0.0	0.08908407557232823	0.08908407557232823	0.08451443184264792	1.0
3MPY_A	3MPY	0.0	0.08908407557232823	0.08908407557232823	0.08451443184264792	1.0
3N64_A	3N64	0.0	0.09438387929708092	0.09438387929708092	0.08996506798874947	0.6774287228895015
3N64_B	3N64	0.07092022840083123	0.08541071463514016	0.01449048623430893	0.09870217748210598	0.4264237119098568
3N64_A	3N64	0.0	0.09438387929708092	0.09438387929708092	0.08996506798874947	0.6774287228895015
3NRE_A	3NRE	2.220446049250313e-16	0.11872966383427508	0.11872966383427486	0.07922612709808903	0.9451347571385822
3NRE_B	3NRE	0.009130080216413039	0.113909554442573	0.10477947422615996	0.07711732973883337	0.8929835884092584
3NRE_C	3NRE	0.000590220812829445	0.12844123224433124	0.1278510114315018	0.0837151632362128	0.9346888209154868
3NRE_D	3NRE	0.000590220812829445	0.12742925526022686	0.12683903444739741	0.08300036066706509	0.938837976070988
3NRE_A	3NRE	2.220446049250313e-16	0.11872966383427508	0.11872966383427486	0.07922612709808903	0.9451347571385822
3O0V_A	3O0V	0.0	0.11669963030833108	0.11669963030833108	0.11632751714709258	1.0
3O0V_A	3O0V	0.0	0.11669963030833108	0.11669963030833108	0.11632751714709258	1.0
3OBU_A	3OBU	0.0	0.11238995127694806	0.11238995127694806	0.11700867722913641	-0.09782057843810464
3OBU_B	3OBU	0.27997807502650396	0.0070274486612206255	-0.27295062636528333	0.056881123879731155	-0.7695604330996455
3OBU_A	3OBU	0.0	0.11238995127694806	0.11238995127694806	0.11700867722913641	-0.09782057843810464
3OEC_A	3OEC	0.0	0.1120166561906406	0.1120166561906406	0.10019451167465036	0.2802723322542446
3OEC_B	3OEC	0.017243379388961144	0.08977474293662291	0.07253136354766176	0.09317389931945233	0.12778212244520334
3OEC_C	3OEC	0.017243379388961144	0.09113395242792377	0.07389057303896263	0.09189704273538635	0.11063928794418759
3OEC_D	3OEC	0.07333667904434504	0.09749411798426066	0.02415743893991562	0.09875778629526086	0.10400873150043977
3OEC_A	3OEC	0.0	0.1120166561906406	0.1120166561906406	0.10019451167465036	0.2802723322542446
3PE2_A	3PE2	0.0	0.10659806063043942	0.10659806063043942	0.10930546519051068	1.0
3PE2_A	3PE2	0.0	0.10659806063043942	0.10659806063043942	0.10930546519051068	1.0
3PGV_A	3PGV	2.220446049250313e-16	0.10609400747699016	0.10609400747698994	0.07828029313278839	0.902384304902317
3PGV_B	3PGV	0.012419971758348525	0.10731913084719458	0.09489915908884605	0.07688171075809572	0.8978500454441184
3PGV_C	3PGV	0.0001281094089148338	0.10420321694320545	0.10407510753429061	0.07125425244311369	0.8755121324336814
3PGV_D	3PGV	0.0001281094089148338	0.10333890899505493	0.1032107995861401	0.07064551662529897	0.87682482314976
3PGV_A	3PGV	2.220446049250313e-16	0.10609400747699016	0.10609400747698994	0.07828029313278839	0.902384304902317
3PJA_A	3PJA	0.0	0.008507459520000538	0.008507459520000538	0.00553660027246119	-0.45164125927809873
3PJA_B	3PJA	0.006475641735152027	0.01451774159280017	0.008042099857648144	0.018869671008966294	-0.3364363555683602
3PJA_C	3PJA	0.0015234420699197226	0.009423402049787644	0.007899959979867921	0.0063386311961372566	-0.43970530058683394
3PJA_D	3PJA	0.00016727663993254538	0.008481440330334156	0.00831416369040161	0.005616221508922048	-0.4621807969693865
3PJA_E	3PJA	0.01971553933445669	0.01660803637594277	-0.003107502958513919	0.02038732790448953	-0.31677592176548486
3PJA_F	3PJA	0.006115192655696933	0.006722389631675374	0.0006071969759784412	0.008502297590949693	-0.3509714024002003
3PJA_G	3PJA	0.0005990837012432859	0.008201250886906597	0.007602167185663311	0.005538799990757281	-0.45998204374723883
3PJA_H	3PJA	0.006475641735152027	0.021684171085290638	0.015208529350138611	0.024126105305420455	-0.2034006802146118
3PJA_I	3PJA	0.01590561996372508	0.011390216282718968	-0.004515403681006114	0.016031225263888383	-0.41112199119333953
3PJA_J	3PJA	0.0028962486088796036	0.009752577484560154	0.006856328875680551	0.013692853130290483	-0.47427816410794477
3PJA_K	3PJA	9.270419086426784e-05	0.012481445789675916	0.012388741598811648	0.015281500449463147	-0.39374980760558964
3PJA_L	3PJA	9.270419086426784e-05	0.01266118315467435	0.012568478963810081	0.015480162726188762	-0.3940770704038887
3PJA_A	3PJA	0.0	0.008507459520000538	0.008507459520000538	0.00553660027246119	-0.45164125927809873
3PYF_A	3PYF	0.0	0.08833647357427321	0.08833647357427321	0.08267538603549764	1.0
3PYF_A	3PYF	0.0	0.08833647357427321	0.08833647357427321	0.08267538603549764	1.0
3QC3_A	3QC3	5.551115123125783e-16	0.11203636536340478	0.11203636536340422	0.09506985897822276	0.9377944859263011
3QC3_B	3QC3	0.014421436344910554	0.1020230334563137	0.08760159711140314	0.09107858140387144	0.8592710125583382
3QC3_A	3QC3	5.551115123125783e-16	0.11203636536340478	0.11203636536340422	0.09506985897822276	0.9377944859263011
3RAK_A	3RAK	0.0	0.08968626527957635	0.08968626527957635	0.09424410014596053	1.0
3RAK_A	3RAK	0.0	0.08968626527957635	0.08968626527957635	0.09424410014596053	1.0
3S2O_A	3S2O	2.220446049250313e-16	0.05597852442499618	0.05597852442499596	0.0810319383089264	0.999999999999996
3S2O_A	3S2O	2.220446049250313e-16	0.05597852442499618	0.05597852442499596	0.0810319383089264	0.999999999999996
3SEF_A	3SEF	0.0	0.13440192267432904	0.13440192267432904	0.11979179239568864	-0.015880544462372085
3SEF_B	3SEF	0.08951751687818399	0.11808002103219895	0.028562504154014956	0.12825627436659964	-0.08469038709221649
3SEF_C	3SEF	0.09195454224102428	0.0870825389876132	-0.0048720032534110835	0.11200843951432234	-0.5706948150183764
3SEF_D	3SEF	0.09195454224102428	0.10646294692937819	0.014508404688353904	0.11225604665532005	-0.3602666794785648
3SEF_A	3SEF	0.0	0.13440192267432904	0.13440192267432904	0.11979179239568864	-0.015880544462372085
3ST2_A	3ST2	0.0	0.0715723996190546	0.0715723996190546	0.07140595642451697	0.5781113427511254
3ST2_B	3ST2	0.023968282212704084	0.08627036788742126	0.06230208567471718	0.07900634185345327	0.4818499733156002
3ST2_C	3ST2	0.023968282212704084	0.06899270304287741	0.04502442083017333	0.06544296492070256	0.5409800293145047
3ST2_A	3ST2	0.0	0.0715723996190546	0.0715723996190546	0.07140595642451697	0.5781113427511254
3T6Z_A	3T6Z	0.0	0.09631796357409694	0.09631796357409694	0.08976875280858708	0.5913550488929079
3T6Z_B	3T6Z	0.019122401929709043	0.10803006970656093	0.08890766777685188	0.09398160086123974	0.5952502460086324
3T6Z_C	3T6Z	0.019122401929709043	0.10766451566900703	0.08854211373929799	0.09560141065981746	0.512099650852359
3T6Z_A	3T6Z	0.0	0.09631796357409694	0.09631796357409694	0.08976875280858708	0.5913550488929079
3TVO_X	3TVO	0.0	0.047297494419164754	0.047297494419164754	0.0913606891693801	1.0
3TVO_X	3TVO	0.0	0.047297494419164754	0.047297494419164754	0.0913606891693801	1.0
3U32_K	3U32	0.00011259895603177306	0.042631949495219534	0.04251935053918776	0.028550391619864102	0.6853777647602879
3U32_L	3U32	0.000165313795164157	0.04523393152482402	0.045068617729659866	0.030210529047550005	0.7039243389247816
3U32_M	3U32	0.000165313795164157	0.045311316590471606	0.04514600279530745	0.03018234138390431	0.7050229972220956
3U32_N	3U32	6.279886075633012e-05	0.04363545279450176	0.04357265393374543	0.029025361105867554	0.6907468492869826
3U32_O	3U32	6.279886075633012e-05	0.04281012574812049	0.04274732688736416	0.02871277997932171	0.6878732784537921
3U32_K	3U32	0.07743686774210345	0.021569073254810722	-0.05586779448729273	0.027597649601777054	-0.5314077276343915
3U8F_A	3U8F	1.1102230246251565e-16	0.1243980439965715	0.1243980439965714	0.12566906472658554	0.9999999999999992
3U8F_A	3U8F	1.1102230246251565e-16	0.1243980439965715	0.1243980439965714	0.12566906472658554	0.9999999999999992
3UVY_A	3UVY	4.440892098500626e-16	0.06309791889394512	0.06309791889394467	0.060803982870878695	-0.5994994159078931
3UVY_B	3UVY	0.3150952652764861	0.059396913377373406	-0.2556983518991127	0.09087477658521491	-0.7471584870729873
3UVY_A	3UVY	4.440892098500626e-16	0.06309791889394512	0.06309791889394467	0.060803982870878695	-0.5994994159078931
3VLD_A	3VLD	0.0	0.062261122837279914	0.062261122837279914	0.06821163220686507	0.6277733736369521
3VLD_B	3VLD	0.056845020278947445	0.05648097303320998	-0.0003640472457374644	0.060043823208414025	-0.006404206453811211
3VLD_A	3VLD	0.0	0.062261122837279914	0.062261122837279914	0.06821163220686507	0.6277733736369521
3WAL_A	3WAL	0.0	0.09882442492084953	0.09882442492084953	0.09736853872641603	1.0
3WAL_A	3WAL	0.0	0.09882442492084953	0.09882442492084953	0.09736853872641603	1.0
3WT1_A	3WT1	0.0	0.10029558835374475	0.10029558835374475	0.07710041967036069	0.7808053897025977
3WT1_B	3WT1	0.00040055750338008345	0.10027062076910187	0.09987006326572179	0.07229735221417204	0.7857059863618898
3WT1_C	3WT1	0.013821867307310498	0.09803955538861331	0.08421768808130281	0.07088225800207724	0.8232616791066333
3WT1_D	3WT1	0.00040055750338008345	0.10062903617598973	0.10022847867260964	0.0721396194156971	0.7910187436243433
3WT1_A	3WT1	0.0	0.10029558835374475	0.10029558835374475	0.07710041967036069	0.7808053897025977
3ZRE_A	3ZRE	0.0	0.10699950277716164	0.10699950277716164	0.10358019768696099	1.0
3ZRE_A	3ZRE	0.0	0.10699950277716164	0.10699950277716164	0.10358019768696099	1.0
4A90_A	4A90	0.0	0.09087870818380783	0.09087870818380783	0.08280975560754941	0.6492898875413781
4A90_B	4A90	0.06561891088708594	0.09395945475320888	0.028340543866122947	0.09474490385606035	0.36797058156820955
4A90_A	4A90	0.0	0.09087870818380783	0.09087870818380783	0.08280975560754941	0.6492898875413781
4AHE_A	4AHE	1.1102230246251565e-16	0.12013637345133454	0.12013637345133443	0.11123547857757823	0.9999999999999991
4AHE_A	4AHE	1.1102230246251565e-16	0.12013637345133454	0.12013637345133443	0.11123547857757823	0.9999999999999991
4AWT_A	4AWT	1.1102230246251565e-16	0.0632216009055242	0.06322160090552409	0.11864232313367622	0.9999999999999982
4AWT_A	4AWT	1.1102230246251565e-16	0.0632216009055242	0.06322160090552409	0.11864232313367622	0.9999999999999982
4BHX_A	4BHX	0.013694112469923136	0.049520668646338084	0.03582655617641495	0.04745753679554262	0.6685210284689864
4BHX_B	4BHX	0.013694112469923136	0.04159235302590847	0.027898240555985332	0.04860532554577869	0.6172203333905811
4BHX_A	4BHX	0.021111748684602194	0.050198034283027715	0.02908628559842552	0.057532909077179215	0.5853706455403614
4E+30_A	4E+30	inf	0.1191671750679234	0.1191671750679234	0.12392264377855092	0.0
4FF5_A	4FF5	0.0	0.09677033805840163	0.09677033805840163	0.10042726074099204	1.0
4FF5_A	4FF5	0.0	0.09677033805840163	0.09677033805840163	0.10042726074099204	1.0
4GD8_A	4GD8	0.0	0.09882442492084953	0.09882442492084953	0.10606129901871139	1.0
4GD8_A	4GD8	0.0	0.09882442492084953	0.09882442492084953	0.10606129901871139	1.0
4H3X_A	4H3X	2.220446049250313e-16	0.10753020162203997	0.10753020162203974	0.0973246972877542	0.7605532867388035
4H3X_B	4H3X	0.05400991462724092	0.10864897233794257	0.054639057710701655	0.10358944341938506	0.5028953015841873
4H3X_A	4H3X	2.220446049250313e-16	0.10753020162203997	0.10753020162203974	0.0973246972877542	0.7605532867388035
4HE4_A	4HE4	0.0	0.1023386528262702	0.1023386528262702	0.09660503522986565	0.7215973193092817
4HE4_B	4HE4	0.06965915209565765	0.09077229981631241	0.021113147720654757	0.09216617566165271	0.3095348332469535
4HE4_A	4HE4	0.0	0.1023386528262702	0.1023386528262702	0.09660503522986565	0.7215973193092817
4HN3_A	4HN3	1.1102230246251565e-16	0.11256239650339528	0.11256239650339517	0.09019667032262255	0.5147593665091301
4HN3_B	4HN3	0.054437742246044696	0.11680289869677585	0.06236515645073115	0.1078337095146011	0.14071764856572888
4HN3_C	4HN3	0.0723937186312188	0.10149932675287099	0.029105608121652193	0.09956301891452217	0.16273723642381727
4HN3_D	4HN3	0.08783900300453917	0.11195317953813066	0.02411417653359149	0.11176761095919638	0.04120217746249042
4HN3_A	4HN3	1.1102230246251565e-16	0.11256239650339528	0.11256239650339517	0.09019667032262255	0.5147593665091301
4HYF_A	4HYF	0.0	0.12861905221979975	0.12861905221979975	0.1105218892423109	0.5517627737952984
4HYF_B	4HYF	0.07975743778730582	0.1163499266607575	0.03659248887345168	0.1104466960513649	0.2463643217375342
4HYF_C	4HYF	0.09549129903191411	0.10881783814015145	0.013326539108237334	0.11356018736881912	0.22725149813412704
4HYF_A	4HYF	0.0	0.12861905221979975	0.12861905221979975	0.1105218892423109	0.5517627737952984
4I4P_A	4I4P	4.440892098500626e-16	0.1281134232542136	0.12811342325421315	0.10506245869538762	0.9811887227808954
4I4P_B	4I4P	0.0048543178583077	0.12001016916440743	0.11515585130609973	0.10064786255010574	0.9608697063541097
4I4P_A	4I4P	4.440892098500626e-16	0.1281134232542136	0.12811342325421315	0.10506245869538762	0.9811887227808954
4J1F_A	4J1F	1.1102230246251565e-16	0.05597852442499618	0.05597852442499607	0.09824526036966036	0.999999999999998
4J1F_A	4J1F	1.1102230246251565e-16	0.05597852442499618	0.05597852442499607	0.09824526036966036	0.999999999999998
4JD2_A	4JD2	2.220446049250313e-16	0.14407209850267244	0.14407209850267222	0.13514501626729464	-0.3640721896926855
4JD2_B	4JD2	0.15360177779974427	0.1385909870405284	-0.015010790759215853	0.14703985559961122	-0.44669962245847467
4JD2_C	4JD2	0.17631098360847075	0.09665784229988172	-0.07965314130858903	0.11254389854699406	-0.6105949362896207
4JD2_D	4JD2	0.22270705510420408	0.12292394550795294	-0.09978310959625114	0.14007265918650297	-0.5627047571587543
4JD2_E	4JD2	0.17682255987560325	0.08850130197385409	-0.08832125790174916	0.10677524516284771	-0.6077818503570629
4JD2_F	4JD2	0.18023124432440274	0.11585600283582698	-0.06437524148857576	0.12096872069826366	-0.5086373402711063
4JD2_G	4JD2	0.17631098360847075	0.06744901143136484	-0.10886197217710591	0.07524539002988215	-0.7604335981589287
4JD2_H	4JD2	0.15360177779974427	0.1082816985482562	-0.045320079251488066	0.1154065840726628	-0.5735490453429869
4JD2_A	4JD2	2.220446049250313e-16	0.14407209850267244	0.14407209850267222	0.13514501626729464	-0.36407218969268557
4JO3_H	4JO3	0.0	0.09456809161836943	0.09456809161836943	0.09345196568746197	-0.11266511676918581
4JO3_I	4JO3	0.06217289613988253	0.07283987942151293	0.010666983281630404	0.08518242197371698	-0.35382794419746194
4JO3_L	4JO3	0.0794473119846888	0.0630494421710337	-0.016397869813655097	0.08823235281398065	-0.4408692550228159
4JO3_M	4JO3	0.0794473119846888	0.0906908202531993	0.011243508268510505	0.09622238700835344	-0.3378781841817741
4JO3_P	4JO3	0.001130518908374123	0.03420229717902257	0.033071778270648444	0.08936962632315229	-0.3881982714075702
4JO3_Q	4JO3	0.001130518908374123	0.03997437179333274	0.03884385288495862	0.09137520296020177	-0.380701212177445
4JO3_H	4JO3	0.0	0.09456809161836943	0.09456809161836943	0.09345196568746197	-0.11266511676918581
4KD6_A	4KD6	2.220446049250313e-16	0.0870825389876132	0.08708253898761298	0.09050497433507905	0.9999999999999977
4KD6_A	4KD6	2.220446049250313e-16	0.0870825389876132	0.08708253898761298	0.09050497433507905	0.9999999999999977
4KXX_A	4KXX	7.771561172376096e-16	0.06802448237146408	0.0680244823714633	0.07485836777163077	0.9999999999999902
4KXX_A	4KXX	7.771561172376096e-16	0.06802448237146408	0.0680244823714633	0.07485836777163077	0.9999999999999902
4MQC_A	4MQC	5.551115123125783e-16	0.0165769115071559	0.016576911507155345	0.023895546122115384	0.16508200041157453
4MQC_B	4MQC	0.03949351914053356	0.003547673677993024	-0.03594584546254054	0.02450112163273045	-0.34288347799759306
4MQC_A	4MQC	5.551115123125783e-16	0.0165769115071559	0.016576911507155345	0.023895546122115384	0.16508200041157453
4MTZ_A	4MTZ	0.0034106672703859697	0.09947535348026171	0.09606468620987574	0.0760911686517213	0.7514228941730257
4MTZ_B	4MTZ	0.02689106301475841	0.1183152624276329	0.0914241994128745	0.09152740425836829	0.6070694279271999
4MTZ_C	4MTZ	0.02065927990274785	0.11218698946008032	0.09152770955733247	0.08687284464823838	0.6830097125940104
4MTZ_D	4MTZ	0.0034106672703859697	0.10255600572247059	0.09914533845208462	0.07814443187909532	0.7623693038945192
4MTZ_A	4MTZ	0.05644689634000344	0.1114088841233476	0.05496198778334416	0.09772496469408573	0.454148821387689
4MU4_A	4MU4	0.0	0.10583921242819117	0.10583921242819117	0.09839031110934325	1.0
4MU4_A	4MU4	0.0	0.10583921242819117	0.10583921242819117	0.09839031110934325	1.0
4MX1_A	4MX1	0.0	0.09898845551415669	0.09898845551415669	0.0957769673920315	1.0
4MX1_A	4MX1	0.0	0.09898845551415669	0.09898845551415669	0.0957769673920315	1.0
4NWQ_A	4NWQ	1.1102230246251565e-16	0.06761545775635547	0.06761545775635536	0.06841736195583145	-0.7032083043677818
4NWQ_B	4NWQ	0.49292706342535975	0.10009638914466146	-0.3928306742806983	0.11886108183164663	-0.7969346855311824
4NWQ_A	4NWQ	1.1102230246251565e-16	0.06761545775635547	0.06761545775635536	0.06841736195583145	-0.7032083043677818
4OM3_A	4OM3	0.0	0.01720913775635413	0.01720913775635413	0.01569172580471343	0.4239925983837203
4OM3_B	4OM3	0.003974527240006465	0.010614439602456005	0.00663991236244954	0.01211661309177713	0.08560069716601783
4OM3_C	4OM3	0.008925501949850756	0.011199172347333253	0.0022736703974824968	0.011629308940294547	0.1564921818075981
4OM3_D	4OM3	0.003974527240006465	0.011156152530890528	0.007181625290884064	0.012161944674049342	0.20702525637460167
4OM3_A	4OM3	0.0	0.01720913775635413	0.01720913775635413	0.01569172580471343	0.4239925983837203
4P39_A	4P39	0.004760497112195061	0.06389116307092046	0.059130665958725404	0.05084561473367864	0.5370957088011721
4P39_B	4P39	0.007883836289549917	0.053851902837291465	0.04596806654774155	0.04988811107727335	0.5088844369852742
4P39_C	4P39	0.007883836289549917	0.06201682816493104	0.05413299187538112	0.0526710738512823	0.43607099701352375
4P39_D	4P39	0.004760497112195061	0.05904855251204577	0.05428805539985071	0.048134570168689196	0.6271543179550597
4P39_A	4P39	0.06288194733061725	0.035360509674693175	-0.027521437655924075	0.048797647644380535	-0.22973658150341858
4PCF_A	4PCF	0.0	0.1267122065338978	0.1267122065338978	0.11034374964314494	0.5584773396553692
4PCF_B	4PCF	0.07684891421544626	0.11562659523474783	0.03877768101930157	0.1129017994033259	0.4228476980716897
4PCF_C	4PCF	0.07684891421544626	0.05586778480688437	-0.020981129408561894	0.09004962305446643	-0.15039999667420606
4PCF_A	4PCF	0.0	0.1267122065338978	0.1267122065338978	0.11034374964314494	0.5584773396553692
4PH3_A	4PH3	0.0	0.050198034283027715	0.050198034283027715	0.052136979223982596	0.8458234300986094
4PH3_B	4PH3	0.01600140513657833	0.054181282047023216	0.03817987691044489	0.0579347142332954	0.7421703756707515
4PH3_A	4PH3	0.0	0.050198034283027715	0.050198034283027715	0.052136979223982596	0.8458234300986094
4PJS_A	4PJS	0.0	0.06309791889394512	0.06309791889394512	0.06767199902723586	1.0
4PJS_A	4PJS	0.0	0.06309791889394512	0.06309791889394512	0.06767199902723586	1.0
4PT4_A	4PT4	0.0070416716151198155	0.11412655833693519	0.10708488672181538	0.09863332815798084	0.769572661972971
4PT4_B	4PT4	0.04616824628970384	0.11055539143146065	0.06438714514175681	0.10033705419078924	0.5766242261185474
4PT4_A	4PT4	0.0070416716151198155	0.11640718855715593	0.10936551694203611	0.10002907097007374	0.7578586885676235
4R04_A	4R04	2.220446049250313e-16	0.05506538052355714	0.05506538052355692	0.05914578300955785	0.999999999999996
4R04_A	4R04	2.220446049250313e-16	0.05506538052355714	0.05506538052355692	0.05914578300955785	0.999999999999996
4RF1_A	4RF1	0.0	0.1253023785186268	0.1253023785186268	0.11853103684115243	0.22789219172885666
4RF1_B	4RF1	0.20307738585334878	0.09997489307805552	-0.10310249277529326	0.10777075226271124	-0.4905969713668916
4RF1_A	4RF1	0.0	0.1253023785186268	0.1253023785186268	0.11853103684115243	0.22789219172885666
4RKQ_A	4RKQ	0.0	0.10333890899505493	0.10333890899505493	0.08086495545833142	0.5626539822200266
4RKQ_B	4RKQ	0.00881262782185388	0.10998704137203374	0.10117441355017986	0.08452655124480388	0.6998359445049782
4RKQ_C	4RKQ	0.00881262782185388	0.10949122983399862	0.10067860201214474	0.08999646642359384	0.6625471116159989
4RKQ_D	4RKQ	0.017409632734169955	0.11985992515599453	0.10245029242182457	0.09363370456074058	0.5856543579958877
4RKQ_A	4RKQ	0.0	0.10333890899505493	0.10333890899505493	0.08086495545833142	0.5626539822200266
4XBX_A	4XBX	0.0	0.09918590783365011	0.09918590783365011	0.06910396633253704	0.9037410253247176
4XBX_B	4XBX	0.012599821543223921	0.10401472560697556	0.09141490406375163	0.0801806243905838	0.7907680967591258
4XBX_C	4XBX	0.00018907258484235356	0.10071379585653784	0.10052472327169548	0.06950775123051235	0.9039985962587437
4XBX_D	4XBX	0.012599821543223921	0.10699224804076612	0.0943924264975422	0.07845014397122843	0.8884047648481685
4XBX_A	4XBX	0.0	0.09918590783365011	0.09918590783365011	0.06910396633253704	0.9037410253247176
4XE7_A	4XE7	0.0	0.12561168127280398	0.12561168127280398	0.12868885119475296	1.0
4XE7_A	4XE7	0.0	0.12561168127280398	0.12561168127280398	0.12868885119475296	1.0
4Z0S_A	4Z0S	0.0	0.12147477356629655	0.12147477356629655	0.12160066712162494	0.7553379866344726
4Z0S_B	4Z0S	0.06939594187447962	0.11327397463435696	0.04387803275987734	0.11444585988009393	0.46461150062121
4Z0S_A	4Z0S	0.0	0.12147477356629655	0.12147477356629655	0.12160066712162494	0.7553379866344726
5E3T_A	5E3T	0.0	0.11667950507054514	0.11667950507054514	0.11594023755980136	1.0
5E3T_A	5E3T	0.0	0.11667950507054514	0.11667950507054514	0.11594023755980136	1.0
5EPS_A	5EPS	3.3306690738754696e-16	0.06716761138908622	0.06716761138908589	0.06624815453681135	0.9999999999999956
5EPS_A	5EPS	3.3306690738754696e-16	0.06716761138908622	0.06716761138908589	0.06624815453681135	0.9999999999999956
5H76_A	5H76	2.220446049250313e-16	0.10523377891816565	0.10523377891816543	0.09567622242273109	0.9998297999985631
5H76_B	5H76	4.290246296589917e-05	0.10438991761900562	0.10434701515603972	0.09530372045990981	0.9996479921610509
5H76_C	5H76	1.924010686604749e-05	0.10486845557093494	0.10484921546406889	0.09541307407930659	0.9998205738456778
5H76_A	5H76	2.220446049250313e-16	0.10523377891816565	0.10523377891816543	0.09567622242273109	0.9998297999985631
5HBR_A	5HBR	0.0	0.13965055033345442	0.13965055033345442	0.11632166953292174	0.2079224434551742
5HBR_B	5HBR	0.027159410020731745	0.07056197627111183	0.04340256625038008	0.09418871082931608	-0.37805032309643416
5HBR_C	5HBR	0.01759599593070882	0.11720775874968037	0.09961176281897155	0.1002581183815523	0.07019089776852015
5HBR_D	5HBR	0.027159410020731745	0.08611210145898451	0.05895269143825277	0.10400368439646494	-0.24101191916466735
5HBR_A	5HBR	0.0	0.13965055033345442	0.13965055033345442	0.11632166953292174	0.2079224434551742
5IQD_A	5IQD	0.0	0.13907378317619223	0.13907378317619223	0.13348755314038696	0.5825395599235299
5IQD_B	5IQD	0.0848131811525824	0.14096066370366367	0.05614748255108126	0.12861649271092293	0.31578445375296865
5IQD_C	5IQD	0.09042615699554157	0.1066096822013004	0.01618352520575883	0.11484441265542537	0.36666913212859603
5IQD_D	5IQD	0.0848131811525824	0.14224704945200572	0.05743386829942332	0.12519430455877917	0.3768152743107538
5IQD_A	5IQD	0.0	0.13907378317619223	0.13907378317619223	0.13348755314038696	0.5825395599235299
5J5C_A	5J5C	0.0	0.13243351585568597	0.13243351585568597	0.12544020542423287	-0.43945810594576157
5J5C_B	5J5C	0.47251960026692175	0.05067285314437775	-0.421846747122544	0.06591385602303496	-0.8927603148826987
5J5C_A	5J5C	0.0	0.13243351585568597	0.13243351585568597	0.12544020542423287	-0.43945810594576157
5JRJ_A	5JRJ	0.0	0.12388975014507919	0.12388975014507919	0.11532661261929919	1.0
5JRJ_A	5JRJ	0.0	0.12388975014507919	0.12388975014507919	0.11532661261929919	1.0
5K8P_A	5K8P	1.1102230246251565e-16	0.1084926989167877	0.10849269891678759	0.03612841385298917	0.8378727588331891
5K8P_B	5K8P	0.007301288495500935	0.11383628205873741	0.10653499356323648	0.04945331796570662	0.7392440563094035
5K8P_C	5K8P	0.02128219455768099	0.11446529393409399	0.093183099376413	0.04779058116671984	0.7281105747843932
5K8P_D	5K8P	0.007301288495500935	0.11857576878218845	0.11127448028668752	0.04644285157329329	0.7733360332241705
5K8P_E	5K8P	0.0007773072996706265	0.11165025915292637	0.11087295185325574	0.037167737318498685	0.8376703865886983
5K8P_F	5K8P	0.04117849494044723	0.12647062820909505	0.08529213326864782	0.06224659417116639	0.6495539231925328
5K8P_G	5K8P	0.009628917520899227	0.1056728969258639	0.09604397940496467	0.04086752597539568	0.7719798991781676
5K8P_H	5K8P	0.008753638856194845	0.13042317109425616	0.12166953223806132	0.04706757230837054	0.8021223684838265
5K8P_A	5K8P	1.1102230246251565e-16	0.1084926989167877	0.10849269891678759	0.03612841385298917	0.8378727588331891
5LCP_A	5LCP	0.0	0.09230328841701918	0.09230328841701918	0.08972064431523419	0.23088640938713287
5LCP_B	5LCP	0.16338764583279064	0.06093178126749521	-0.10245586456529543	0.08104529509136191	-0.5839547110134164
5LCP_A	5LCP	0.0	0.09230328841701918	0.09230328841701918	0.08972064431523419	0.23088640938713287
5LIE_A	5LIE	1.1102230246251565e-16	0.10413636921837488	0.10413636921837477	0.09502452966619482	0.8775137329130466
5LIE_B	5LIE	0.02551055026709481	0.08512680916337423	0.05961625889627942	0.08256550748637403	0.70425507666263
5LIE_A	5LIE	1.1102230246251565e-16	0.10413636921837488	0.10413636921837477	0.09502452966619482	0.8775137329130466
5MQI_A	5MQI	0.0	0.05250085849151498	0.05250085849151498	0.06023575290150089	1.0
5MQI_A	5MQI	0.0	0.05250085849151498	0.05250085849151498	0.06023575290150089	1.0
5MY5_A	5MY5	2.220446049250313e-16	0.10949122983399862	0.1094912298339984	0.10471768241387154	0.9999999999999981
5MY5_A	5MY5	2.220446049250313e-16	0.10949122983399862	0.1094912298339984	0.10471768241387154	0.9999999999999981
5NQF_A	5NQF	0.0	0.11181245833973774	0.11181245833973774	0.10610058721484208	0.22889938220185457
5NQF_B	5NQF	0.1814838595611893	0.07629024137579843	-0.10519361818539086	0.08883012941455151	-0.4898156108561781
5NQF_A	5NQF	0.0	0.11181245833973774	0.11181245833973774	0.10610058721484208	0.22889938220185457
5O7Y_A	5O7Y	0.0	0.11258650367339107	0.11258650367339107	0.10935277780564263	1.0
5O7Y_A	5O7Y	0.0	0.11258650367339107	0.11258650367339107	0.10935277780564263	1.0
5Q3Q_A	5Q3Q	0.0	0.09706255674772912	0.09706255674772912	0.09737482078923396	1.0
5Q3Q_A	5Q3Q	0.0	0.09706255674772912	0.09706255674772912	0.09737482078923396	1.0
5QBF_A	5QBF	1.1102230246251565e-16	0.105513051118439	0.1055130511184389	0.10613960710895198	0.999999999999999
5QBF_A	5QBF	1.1102230246251565e-16	0.105513051118439	0.1055130511184389	0.10613960710895198	0.999999999999999
5S2H_A	5S2H	1.1102230246251565e-16	0.11512405071875731	0.1151240507187572	0.11018193946133967	0.863436102348394
5S2H_B	5S2H	0.03920729332447703	0.11735529389770738	0.07814800057323035	0.10897736692211231	0.6945210652266293
5S2H_A	5S2H	1.1102230246251565e-16	0.11512405071875731	0.1151240507187572	0.11018193946133967	0.863436102348394
5SGM_A	5SGM	0.0	0.0625954802790415	0.0625954802790415	0.06078686212525543	1.0
5SGM_A	5SGM	0.0	0.0625954802790415	0.0625954802790415	0.06078686212525543	1.0
5T6M_A	5T6M	2.220446049250313e-16	0.07570184679950454	0.07570184679950431	0.04742132264156301	0.9928065635520188
5T6M_B	5T6M	0.0002899407122581854	0.07701749406116765	0.07672755334890946	0.047695812450458265	0.9943450535066317
5T6M_C	5T6M	0.0002899407122581854	0.07865694183816918	0.078367001125911	0.04770560852746101	0.9930003123707041
5T6M_D	5T6M	0.0006060031008247035	0.07916903532385	0.0785630322230253	0.04852011335357782	0.988503248870255
5T6M_A	5T6M	2.220446049250313e-16	0.07570184679950454	0.07570184679950431	0.04742132264156301	0.9928065635520188
5TRD_A	5TRD	0.0	0.12445838822991295	0.12445838822991295	0.10698781048492648	0.935533427524774
5TRD_B	5TRD	0.016046811409947015	0.12036395925582288	0.10431714784587587	0.10392497828416529	0.8666809275038806
5TRD_A	5TRD	0.0	0.12445838822991295	0.12445838822991295	0.10698781048492648	0.935533427524774
5TWG_A	5TWG	0.0	0.07287188634311725	0.07287188634311725	0.07792541991372778	-0.5733770961278918
5TWG_E	5TWG	0.3474978195519832	0.059898425099283226	-0.2875993944527	0.10329632753836573	-0.5806535322918885
5TWG_A	5TWG	0.0	0.07287188634311725	0.07287188634311725	0.07792541991372778	-0.5733770961278918
5U26_A	5U26	2.220446049250313e-16	0.0782701574713105	0.07827015747131028	0.0945018102748473	0.9999999999999976
5U26_A	5U26	2.220446049250313e-16	0.0782701574713105	0.07827015747131028	0.0945018102748473	0.9999999999999976
5UBL_A	5UBL	2.220446049250313e-16	0.08107905454659026	0.08107905454659003	0.08881580821288833	0.9999999999999978
5UBL_A	5UBL	2.220446049250313e-16	0.08107905454659026	0.08107905454659003	0.08881580821288833	0.9999999999999978
5X49_A	5X49	3.3306690738754696e-16	0.06905324068198382	0.06905324068198349	0.06626371413454488	0.9294355979200071
5X49_B	5X49	0.013760648378060791	0.055447597688139894	0.0416869493100791	0.06130982136922268	0.8716014180056753
5X49_A	5X49	3.3306690738754696e-16	0.06905324068198382	0.06905324068198349	0.06626371413454488	0.9294355979200071
5XKX_A	5XKX	2.220446049250313e-16	0.09854155542445597	0.09854155542445575	0.10543859431251464	0.9999999999999978
5XKX_A	5XKX	2.220446049250313e-16	0.09854155542445597	0.09854155542445575	0.10543859431251464	0.9999999999999978
5Z7F_A	5Z7F	2.220446049250313e-16	0.023817681564965554	0.02381768156496533	0.028456869650710447	0.9999999999999933
5Z7F_A	5Z7F	2.220446049250313e-16	0.023817681564965554	0.02381768156496533	0.028456869650710447	0.9999999999999933
5ZFV_A	5ZFV	0.0	0.026300997269499526	0.026300997269499526	0.02237737261010524	-0.5659344621893843
5ZFV_B	5ZFV	0.020482133528161306	0.025645262765486954	0.005163129237325648	0.026836280486346408	-0.5778533574072443
5ZFV_C	5ZFV	0.01446294535489423	0.02120269751543391	0.00673975216053968	0.020672504812619653	-0.6939150942186662
5ZFV_D	5ZFV	0.009746506303291658	0.014149387923201084	0.004402881619909427	0.014556785051479703	-0.7716286956991492
5ZFV_E	5ZFV	0.016163874299281122	0.01833515307232847	0.002171278773047347	0.020583749626349634	-0.7183189449374134
5ZFV_F	5ZFV	0.2929683458201717	0.09754496262333667	-0.19542338319683505	0.1126907547688093	-0.6893630963422572
5ZFV_A	5ZFV	0.0	0.026300997269499526	0.026300997269499526	0.02237737261010524	-0.5659344621893843
6BF7_A	6BF7	0.0	0.09759215484519168	0.09759215484519168	0.09269417065842427	-0.5651060646460677
6BF7_B	6BF7	0.010333108228503307	0.10781391065298052	0.09748080242447721	0.09622673649218219	-0.5024828471454675
6BF7_C	6BF7	0.02546956939130518	0.08107905454659026	0.05560948515528508	0.09459047410673752	-0.57258950081467
6BF7_D	6BF7	0.04786076484408752	0.0630494421710337	0.015188677326946176	0.07059932870102219	-0.6917246295897174
6BF7_E	6BF7	0.02546956939130518	0.09078829445919834	0.06531872506789316	0.09773011763376242	-0.5445550422453308
6BF7_F	6BF7	0.04786076484408752	0.07356924619915373	0.025708481355066204	0.07631421355567955	-0.6152744445981629
6BF7_A	6BF7	0.0	0.09759215484519168	0.09759215484519168	0.09269417065842427	-0.5651060646460677
6C1B_A	6C1B	3.3306690738754696e-16	0.10824015923907404	0.10824015923907371	0.10744968133461355	0.18944284145395823
6C1B_B	6C1B	0.1773126322179187	0.11654784378862293	-0.06076478842929578	0.12604858773193325	-0.26217876405068125
6C1B_A	6C1B	3.3306690738754696e-16	0.10824015923907404	0.10824015923907371	0.10744968133461355	0.18944284145395823
6DOE_A	6DOE	0.0	0.12536119007380409	0.12536119007380409	0.12386272012643951	1.0
6DOE_A	6DOE	0.0	0.12536119007380409	0.12536119007380409	0.12386272012643951	1.0
6DVE_A	6DVE	0.0	0.11978317343896405	0.11978317343896405	0.11151064345999595	-0.31213016247628933
6DVE_B	6DVE	0.08183452614320175	0.10931059240916763	0.02747606626596588	0.11866044808989792	-0.252823019344821
6DVE_C	6DVE	0.17577720897345728	0.10886418855095803	-0.06691302042249925	0.11331579903403541	-0.5976733243881578
6DVE_D	6DVE	0.17577720897345728	0.09534155697369373	-0.08043565199976355	0.11738084442607603	-0.5054836333422925
6DVE_E	6DVE	0.13600057286167677	0.0964857737712651	-0.03951479909041167	0.11271549414124671	-0.4184028456713165
6DVE_F	6DVE	0.295501219323665	0.06565150431572953	-0.2298497150079355	0.07042512664303174	-0.7857021760122015
6DVE_A	6DVE	0.0	0.11978317343896405	0.11978317343896405	0.11151064345999595	-0.31213016247628933
6ECO_A	6ECO	0.0	0.05908721763107838	0.05908721763107838	0.06712018550915252	0.22291441739150858
6ECO_D	6ECO	0.09317216536505257	0.06952582726406709	-0.023646338100985487	0.07795443309801056	-0.13512341500510291
6ECO_A	6ECO	0.0	0.05908721763107838	0.05908721763107838	0.06712018550915252	0.22291441739150858
6GDZ_A	6GDZ	4.440892098500626e-16	0.04932918703619893	0.049329187036198485	0.06218741824237613	0.999999999999991
6GDZ_A	6GDZ	4.440892098500626e-16	0.04932918703619893	0.049329187036198485	0.06218741824237613	0.999999999999991
6H0W_A	6H0W	0.0	0.05282180334955422	0.05282180334955422	0.09453482088031978	1.0
6H0W_A	6H0W	0.0	0.05282180334955422	0.05282180334955422	0.09453482088031978	1.0
6IFS_A	6IFS	3.3306690738754696e-16	0.11879526791853257	0.11879526791853223	0.11231560895916984	0.4239069950930651
6IFS_B	6IFS	0.14027561389030951	0.10545192006242232	-0.03482369382788719	0.11684858498379169	-0.14034300811056813
6IFS_A	6IFS	3.3306690738754696e-16	0.11879526791853257	0.11879526791853223	0.11231560895916984	0.4239069950930651
6K3I_A	6K3I	1.1102230246251565e-16	0.1145317061643304	0.11453170616433028	0.07288219875162635	0.32879151876297347
6K3I_B	6K3I	0.03645968753997664	0.11920864156322253	0.08274895402324589	0.07508704521766904	0.3483545139914036
6K3I_C	6K3I	0.05771430886141271	0.10076232829116705	0.043048019429754336	0.08142959544026301	0.24722718198431037
6K3I_D	6K3I	0.07057224499985659	0.09985774635296307	0.02928550135310648	0.09360886324566739	0.03925149756617181
6K3I_E	6K3I	0.0782332143503014	0.08295512848292541	0.004721914132624017	0.08927262235983245	0.17923739037340666
6K3I_F	6K3I	0.064304748426801	0.10640969268490319	0.042104944258102184	0.08179401203219039	0.21898979604556568
6K3I_G	6K3I	0.07057224499985659	0.0964857737712651	0.02591352877140851	0.10017401871534734	0.04584916570297907
6K3I_H	6K3I	0.06125712628775126	0.11317739306988461	0.05192026678213335	0.07950928651108655	0.23309639821555875
6K3I_I	6K3I	0.05573485499888309	0.10557107175580294	0.04983621675691985	0.07477993697789694	0.2716682720378908
6K3I_J	6K3I	0.03645968753997664	0.11282716784568503	0.07636748030570839	0.0861469640686596	0.3392884534899977
6K3I_K	6K3I	0.046297192726189595	0.09627728790933454	0.049980095183144946	0.064069738596405	0.3319070766987145
6K3I_A	6K3I	1.1102230246251565e-16	0.1145317061643304	0.11453170616433028	0.07288219875162635	0.32879151876297347
6MUH_A	6MUH	5.551115123125783e-16	0.08682453205244611	0.08682453205244556	0.07794385004675133	0.9986835834200697
6MUH_B	6MUH	0.00024680521428310787	0.08512680916337423	0.08488000394909112	0.07679098355536283	0.9973388445422008
6MUH_A	6MUH	5.551115123125783e-16	0.08682453205244611	0.08682453205244556	0.07794385004675133	0.9986835834200697
6PGW_A	6PGW	2.220446049250313e-16	0.1114552487701932	0.11145524877019297	0.1140516989922731	0.9999999999999983
6PGW_A	6PGW	2.220446049250313e-16	0.1114552487701932	0.11145524877019297	0.1140516989922731	0.9999999999999983
6PRK_A	6PRK	0.0	0.012805927987966537	0.012805927987966537	0.013344126613585871	0.36827748462578147
6PRK_B	6PRK	0.024018813063328426	0.013514132758915443	-0.010504680304412983	0.01921656662972011	-0.24185656847278753
6PRK_A	6PRK	0.0	0.012805927987966537	0.012805927987966537	0.013344126613585871	0.36827748462578147
6PZH_A	6PZH	2.220446049250313e-16	0.06365561631547534	0.06365561631547512	0.06029102716018908	0.2749003927861352
6PZH_B	6PZH	3.824294246812521e-05	0.09020404153613049	0.09016579859366236	0.09291124282108788	0.10581096309193988
6PZH_H	6PZH	3.824294246812521e-05	0.09093393127935057	0.09089568833688244	0.09311811733036889	0.09943134827049516
6PZH_L	6PZH	0.00011065226722217769	0.06353407020329915	0.06342341793607698	0.06036611770178988	0.28001400238293417
6PZH_A	6PZH	2.220446049250313e-16	0.06365561631547534	0.06365561631547512	0.06029102716018908	0.2749003927861352
6Q3T_A	6Q3T	0.0	0.07930464738860843	0.07930464738860843	0.06365965063332307	0.9985786768664218
6Q3T_B	6Q3T	0.00015952683047826266	0.0798473873786526	0.07968786054817434	0.0636337562887854	0.9980239060670126
6Q3T_C	6Q3T	0.00022749864787285912	0.08026953830277261	0.08004203965489975	0.06340442779970624	0.9974261874118726
6Q3T_A	6Q3T	0.0	0.07930464738860843	0.07930464738860843	0.06365965063332307	0.9985786768664218
6QXK_A	6QXK	0.2133221514737722	0.022499974948800627	-0.19082217652497158	0.0639352931397568	-0.6749845424022718
6QXK_B	6QXK	0.03759907895393144	0.11936990129045377	0.08177082233652233	0.12339019733316595	-0.10638907055837367
6QXK_A	6QXK	0.03759907895393144	0.10324137169840242	0.06564229274447098	0.10899944916509048	-0.1696553031686397
6QYX_A	6QYX	3.3306690738754696e-16	0.1059220977099048	0.10592209770990446	0.09751927290732736	0.9999999999999969
6QYX_A	6QYX	3.3306690738754696e-16	0.1059220977099048	0.10592209770990446	0.09751927290732736	0.9999999999999969
6RUP_A	6RUP	0.0	0.07341768693833484	0.07341768693833484	0.07218909336996224	-0.47510255323216444
6RUP_B	6RUP	0.11435237008612276	0.07762155192873588	-0.03673081815738688	0.08921419113005229	-0.35908215319847786
6RUP_C	6RUP	0.2251326128445016	0.03717551478050951	-0.18795709806399208	0.0827478471147212	-0.8665393412516046
6RUP_A	6RUP	0.0	0.07341768693833484	0.07341768693833484	0.07218909336996224	-0.47510255323216444
6S9I_B	6S9I	4.440892098500626e-16	0.12263724329691117	0.12263724329691073	0.12443507094871098	0.031474083371726
6S9I_J	6S9I	0.28764753929193876	0.1282626602251703	-0.15938487906676846	0.13674629615546102	-0.5313796916769536
6S9I_B	6S9I	4.440892098500626e-16	0.12263724329691117	0.12263724329691073	0.12443507094871098	0.031474083371726
6T7A_A	6T7A	0.011594980868596338	0.07056197627111183	0.05896699540251549	0.07035973961191981	-0.0892661350021154
6T7A_B	6T7A	0.0363374399813291	0.09861566355591511	0.06227822357458601	0.0880609468041491	0.0251252316076201
6T7A_C	6T7A	1.6164233396231964e-08	0.06922013755791967	0.06922012139368627	0.07878573246944867	-0.44240507746013713
6T7A_D	6T7A	9.655314325840436e-09	0.05577604380635792	0.055776034151043596	0.06067958744381604	-0.35991705746880337
6T7A_E	6T7A	0.03846757576623172	0.05477481202084111	0.016307236254609392	0.0607821831189861	-0.2961271322444289
6T7A_F	6T7A	0.0363374399813291	0.08133786181814284	0.04500042183681374	0.07141024704179708	0.019000828877380853
6T7A_G	6T7A	1.6164233396231964e-08	0.06922016797408626	0.06922015180985286	0.0787861373704821	-0.4423731911623906
6T7A_H	6T7A	9.655314325840436e-09	0.055774883496399696	0.05577487384108537	0.06067700602689361	-0.35985592172043246
6T7A_K	6T7A	0.07368769274622156	0.07986332252051076	0.006175629774289204	0.08731485966588737	-0.10338640137037447
6T7A_A	6T7A	0.011594980868596338	0.07223057406831701	0.06063559319972067	0.07444118999275844	-0.03815699777354905
6TBC_A	6TBC	0.0	0.10185742006226062	0.10185742006226062	0.03180073058474899	0.8957675888478899
6TBC_B	6TBC	4.058014145436051e-05	0.11357696253920002	0.11353638239774566	0.02861642413939216	0.9472436176967605
6TBC_C	6TBC	0.012869300550218954	0.11024121682525612	0.09737191627503716	0.03753139300084862	0.8244400996097061
6TBC_D	6TBC	6.440507691274355e-06	0.11416627031635851	0.11415982980866723	0.028895627171521544	0.9461474036447545
6TBC_E	6TBC	6.440507691274355e-06	0.11410962164809046	0.11410318114039919	0.028885493413927266	0.9459600832180022
6TBC_F	6TBC	0.01713587602734601	0.11611284863819316	0.09897697261084715	0.04079218343925898	0.810856271316201
6TBC_G	6TBC	3.9720594255832076e-05	0.11367301843406019	0.11363329783980436	0.02868960612274829	0.9468089155458747
6TBC_H	6TBC	9.54621443294279e-06	0.11398982370101896	0.11398027748658601	0.028851642209525075	0.945883154997204
6TBC_A	6TBC	0.0	0.10185742006226062	0.10185742006226062	0.03180073058474899	0.8957675888478899
6TOM_A	6TOM	0.0	0.08908407557232823	0.08908407557232823	0.09365891323152256	1.0
6TOM_A	6TOM	0.0	0.08908407557232823	0.08908407557232823	0.09365891323152256	1.0
6UFD_A	6UFD	1.1102230246251565e-16	0.047297494419164754	0.04729749441916464	0.08888382787536417	0.9999999999999977
6UFD_A	6UFD	1.1102230246251565e-16	0.047297494419164754	0.04729749441916464	0.08888382787536417	0.9999999999999977
6UUJ_A	6UUJ	0.0018218556253851714	0.048155489235446214	0.04633363361006104	0.03826490909080923	-0.7173625895886495
6UUJ_B	6UUJ	9.133540962802389e-05	0.034203897993616006	0.03411256258398798	0.027323725318545267	-0.772858393115659
6UUJ_C	6UUJ	0.009913069867701352	0.11881927802811731	0.10890620816041596	0.09297945772864173	-0.6041626083374358
6UUJ_D	6UUJ	2.8137881529333164e-05	0.04992942637696618	0.049901288495436846	0.03968434084966309	-0.7133824277175074
6UUJ_E	6UUJ	9.133540962802389e-05	0.03361126439628692	0.0335199289866589	0.02684371753199971	-0.7751748301285314
6UUJ_F	6UUJ	0.022386586171752487	0.14902597276608298	0.1266393865943305	0.11620416319098185	-0.5631434002810496
6UUJ_G	6UUJ	0.00381850500537817	0.05126714226262652	0.04744863725724835	0.04097783078069326	-0.695061717653018
6UUJ_H	6UUJ	1.9824584740812945e-05	0.035978015577814326	0.03595819099307351	0.027683673094319673	-0.7878503312147682
6UUJ_I	6UUJ	0.009913069867701352	0.1347173386921271	0.12480426882442575	0.1015944929739665	-0.5745832155973127
6UUJ_J	6UUJ	2.8137881529333164e-05	0.049999430328032224	0.04997129244650289	0.039795956951719426	-0.7129443761134571
6UUJ_K	6UUJ	1.9824584740812945e-05	0.0365382271816338	0.036518402596892985	0.027993618200937275	-0.7857234079169201
6UUJ_L	6UUJ	0.013902849423086283	0.1510662136529497	0.13716336422986342	0.11733846526503613	-0.5216141065910022
6UUJ_A	6UUJ	0.05701214755843509	0.036558671320138236	-0.020453476238296853	0.038967048301694285	-0.7730206723808088
6X27_A	6X27	1.1102230246251565e-16	0.10930126965479237	0.10930126965479225	0.040938547381546675	0.6444542309955507
6X27_B	6X27	0.018178269697511462	0.11403920739258877	0.09586093769507731	0.0301834988616592	0.6893463890337492
6X27_C	6X27	0.01731791565154317	0.11559829025451274	0.09828037460296957	0.054416455004689335	0.5154211394807129
6X27_D	6X27	8.68944049082776e-05	0.10948735994583025	0.10940046554092198	0.025774557331307003	0.7143257973816632
6X27_E	6X27	8.68944049082776e-05	0.10994624270718101	0.10985934830227273	0.02563175063981895	0.7166610170362754
6X27_F	6X27	0.00012266973351504618	0.12842151043299888	0.12829884069948383	0.02843954161460325	0.7408141057264037
6X27_G	6X27	0.00023451594722667668	0.1149752719632745	0.11474075601604783	0.022752588090196514	0.7426369620286083
6X27_H	6X27	0.00023451594722667668	0.11470975372921033	0.11447523778198365	0.022293043823372726	0.7450841828363409
6X27_I	6X27	0.00012266973351504618	0.1289937167191617	0.12887104698564666	0.02896533019283304	0.7379950434051468
6X27_J	6X27	0.01229267392471256	0.1285680980487478	0.11627542412403524	0.027519238644723044	0.747920891264973
6X27_K	6X27	0.01229267392471256	0.10968153522371238	0.09738886129899982	0.022023800088196776	0.7350659627843275
6X27_L	6X27	0.01731791565154317	0.10884694852597276	0.0915290328744296	0.052218423609660766	0.5021278712698649
6X27_A	6X27	1.1102230246251565e-16	0.10930126965479237	0.10930126965479225	0.040938547381546675	0.6444542309955507
6Z9X_A	6Z9X	0.0	0.1022391054431202	0.1022391054431202	0.08677781912062399	-0.5638070827185214
6Z9X_B	6Z9X	0.020808501857804917	0.0700532258889931	0.04924472403118818	0.09521535624808816	-0.6688390009559234
6Z9X_C	6Z9X	0.016295176963333047	0.07767045019658747	0.061375273233254424	0.1400043442751543	-0.37137961653107615
6Z9X_D	6Z9X	0.0002685527975858637	0.10353039101692796	0.1032618382193421	0.08786091219484161	-0.5564181784199496
6Z9X_E	6Z9X	0.020808501857804917	0.06315704247123055	0.042348540613425634	0.0958843754255761	-0.6610957051522756
6Z9X_F	6Z9X	0.016295176963333047	0.05816906680259504	0.04187388983926199	0.12310200780448861	-0.4389576538303348
6Z9X_A	6Z9X	0.0	0.1022391054431202	0.1022391054431202	0.08677781912062399	-0.5638070827185214
7BWE_A	7BWE	5.551115123125783e-16	0.106802327714005	0.10680232771400444	0.09855795607669918	0.9999999999999949
7BWE_A	7BWE	5.551115123125783e-16	0.106802327714005	0.10680232771400444	0.09855795607669918	0.9999999999999949
7KBJ_A	7KBJ	0.0	0.09547067284733957	0.09547067284733957	0.0950631780732	-0.47399574294805025
7KBJ_B	7KBJ	0.0050163847765133385	0.10827751680151831	0.10326113202500498	0.11007866306352354	-0.2769367155701124
7KBJ_C	7KBJ	0.011157154929722246	0.11539275355077838	0.10423559862105614	0.10540954307983805	-0.3646403931286011
7KBJ_D	7KBJ	0.0050163847765133385	0.11302228484339916	0.10800590006688582	0.11125001317277779	-0.33097023614120374
7KBJ_G	7KBJ	0.01451916011091614	0.0953309727431284	0.08081181263221227	0.091951980025501	-0.446876250108639
7KBJ_H	7KBJ	0.020167479866526117	0.11253691684875788	0.09236943698223177	0.11909990846245713	-0.5339076953592031
7KBJ_I	7KBJ	0.01451916011091614	0.09748027684326876	0.08296111673235262	0.09472535688275695	-0.4631739168027863
7KBJ_J	7KBJ	0.020167479866526117	0.0974345503395323	0.07726707047300618	0.10770157055513033	-0.6163897716864081
7KBJ_A	7KBJ	0.0	0.09547067284733957	0.09547067284733957	0.0950631780732	-0.47399574294805025
8BPM_A	8BPM	0.0178987606525447	0.11734171840323082	0.09944295775068612	0.08674313027183526	0.7700675131795871
8BPM_B	8BPM	0.0025386133392968357	0.11453884526173519	0.11200023192243835	0.08421155976897869	0.7871927498880387
8BPM_C	8BPM	0.03863090642634526	0.1050533814379162	0.06642247501157095	0.09308552167530075	0.5903031362032084
8BPM_D	8BPM	0.0025386133392968357	0.1221644851202437	0.11962587178094686	0.08516752838626432	0.8103830287299131
8BPM_A	8BPM	0.022973836480877252	0.11766134407652229	0.09468750759564504	0.0922104173683074	0.6651371179875665
8PR7_A	8PR7	3.3306690738754696e-16	0.1097532231688767	0.10975322316887637	0.10417424751601807	-0.5133495987572468
8PR7_B	8PR7	0.07778142507976293	0.09368153845497784	0.015900113375214908	0.10282808862536119	-0.6499666737675615
8PR7_C	8PR7	0.18068279006352395	0.13013314687495148	-0.05054964318857247	0.13713576790938525	-0.40410477294944036
8PR7_D	8PR7	0.09164902112983386	0.09990461608784906	0.0082555949580152	0.10264373511363792	-0.5198225415699492
8PR7_E	8PR7	0.07778142507976293	0.08004271467398039	0.0022612895942174527	0.09021887411654969	-0.6906931619100265
8PR7_F	8PR7	0.18068279006352395	0.08744498262377165	-0.0932378074397523	0.0944448090644878	-0.6215262714416961
8PR7_A	8PR7	3.3306690738754696e-16	0.1097532231688767	0.10975322316887637	0.10417424751601807	-0.5133495987572468
8Y08_A	8Y08	2.220446049250313e-16	0.060381008997111296	0.060381008997111074	0.0570443143447101	0.999406238840173
8Y08_E	8Y08	8.621645226492003e-05	0.05908721763107838	0.05900100117881346	0.056909423500862734	0.9987938042518747
8Y08_A	8Y08	2.220446049250313e-16	0.060381008997111296	0.060381008997111074	0.0570443143447101	0.999406238840173
9G2K_A	9G2K	3.3306690738754696e-16	0.010506136075690509	0.010506136075690176	0.010777294458327402	0.40760480452777204
9G2K_B	9G2K	0.015109541556406536	0.00962486452892286	-0.005484677027483675	0.011936419501019447	-0.10810898488886467
9G2K_A	9G2K	3.3306690738754696e-16	0.010506136075690509	0.010506136075690176	0.010777294458327402	0.40760480452777204
9L47_A	9L47	5.551115123125783e-16	0.1022391054431202	0.10223910544311965	0.0944789080934984	-0.5424866338696015
9L47_B	9L47	0.032229143330948506	0.06315704247123055	0.030927899140282045	0.08461781355764367	-0.7145143303563568
9L47_C	9L47	0.0016039008430940305	0.0070274486612206255	0.005423547818126595	0.056395253100615494	-0.7434444286825157
9L47_D	9L47	0.0735298066430029	0.12076863570240726	0.04723882905940435	0.1150293353815969	-0.5599023701038635
9L47_E	9L47	0.032229143330948506	0.0700532258889931	0.03782408255804459	0.08831248018727694	-0.7278358687182714
9L47_F	9L47	0.0016039008430940305	0.008768277105983824	0.007164376262889793	0.05842426900311752	-0.7320722487776572
9L47_A	9L47	5.551115123125783e-16	0.1022391054431202	0.10223910544311965	0.0944789080934984	-0.5424866338696015
